id,name,filePath,content
"File:requirements.txt","requirements.txt","requirements.txt","# 核心依赖
mss>=9.0.1
Pillow>=10.0.0

# 中文输入支持
pypinyin>=0.55.0

# 配置文件
pyyaml>=6.0

# Chat Agent（可选）
# openai>=1.0.0
"
"File:README.md","README.md","README.md","# Nova GUI Monitor

> Windows 电脑 GUI 自动化 CLI 工具 — 纯 Win32 API，零 GUI 依赖

通过命令行控制 Windows 桌面：截图、鼠标点击、键盘输入、窗口管理。专为 AI Agent 设计，所有输出均为 JSON 格式。

## ✨ 特性

- **纯 CLI** — 无需启动 GUI，直接命令行调用
- **纯 Win32 API** — 不依赖 pyautogui、PyQt 等第三方 GUI 库
- **DPI 感知** — 自动处理高分屏缩放，坐标精确
- **中文输入** — 支持剪贴板、拼音输入法、Unicode SendInput 三种方式
- **HTTP API** — 可选的 REST API 服务，支持远程控制
- **Chat Agent** — 集成 GPT-4o Vision 的聊天自动监控与回复（实验性）

##  安装

```bash
# 克隆仓库
git clone https://github.com/Novansz/gui-monitor.git
cd gui-monitor

# 安装（推荐虚拟环境）
pip install .

# 带 Chat Agent 支持
pip install "".[chat]""
```

##  快速开始

```bash
# 查看帮助
python -m gui_monitor --help

# 屏幕信息
python -m gui_monitor info

# 截图保存
python -m gui_monitor screenshot --save screen.png

# 点击坐标 (500, 300)
python -m gui_monitor click 500 300

# 输入中文
python -m gui_monitor type ""你好世界""

# 聚焦窗口
python -m gui_monitor focus ""记事本""
```

##  命令参考

| 命令 | 别名 | 功能 |
|------|------|------|
| `screenshot` | `ss` | 截取屏幕（支持全屏/区域/窗口） |
| `click` | | 点击指定坐标 |
| `move` | | 移动鼠标 |
| `drag` | | 拖拽操作 |
| `scroll` | | 滚轮滚动 |
| `type` | | 输入文本（支持中文） |
| `type-pinyin` | `tp` | 通过拼音输入法输入中文 |
| `type-unicode` | `tu` | 通过 Unicode SendInput 输入 |
| `key` | | 按键操作 |
| `hotkey` | | 组合键 |
| `windows` | `wl` | 列出所有窗口 |
| `focus` | | 聚焦窗口（支持模糊匹配） |
| `window-info` | `wi` | 获取窗口详细信息 |
| `foreground` | `fg` | 获取当前前台窗口 |
| `info` | | 屏幕和显示器信息 |
| `cursor` | `pos` | 当前鼠标位置 |
| `serve` | | 启动 HTTP API 服务 |
| `chat-agent` | `ca` | 聊天自动监控与回复 |
| `chat-learn` | `cl` | 从聊天记录学习风格 |

### 截图示例

```bash
# 全屏截图
python -m gui_monitor screenshot --save screen.png

# 区域截图（物理坐标 x,y,width,height）
python -m gui_monitor screenshot --region 100,200,800,600 --save region.png

# 按窗口标题截图
python -m gui_monitor screenshot --window ""记事本"" --save notepad.png

# 输出 Base64（适合 API 调用）
python -m gui_monitor screenshot --base64
```

### 鼠标操作

```bash
# 右键点击
python -m gui_monitor click 500 300 --right

# 双击
python -m gui_monitor click 500 300 --double

# 平滑移动（0.5 秒缓动）
python -m gui_monitor move 800 600 --duration 0.5

# 拖拽
python -m gui_monitor drag 100 100 500 500 --duration 1.0

# 滚动（正=上，负=下）
python -m gui_monitor scroll -3 --x 500 --y 400
```

### 键盘操作

```bash
# 按 Enter
python -m gui_monitor key enter

# 组合键 Ctrl+C
python -m gui_monitor hotkey ctrl c

# 输入中文（通过剪贴板粘贴）
python -m gui_monitor type ""你好世界""

# 通过拼音输入法
python -m gui_monitor type-pinyin ""你好""

# 通过 Unicode SendInput
python -m gui_monitor type-unicode ""你好世界""
```

### 窗口管理

```bash
# 列出所有窗口
python -m gui_monitor windows

# JSON 格式输出
python -m gui_monitor windows --json

# 聚焦窗口（模糊匹配标题）
python -m gui_monitor focus ""微信""

# 获取窗口信息
python -m gui_monitor window-info ""Chrome""
```

##  HTTP API

```bash
# 启动 API 服务
python -m gui_monitor serve --port 8765
```

| 方法 | 路径 | 功能 |
|------|------|------|
| GET | `/info` | 屏幕信息 |
| GET | `/screenshot` | 全屏截图 (JPEG) |
| GET | `/cursor` | 鼠标位置 |
| GET | `/windows` | 窗口列表 |
| POST | `/click` | 点击 `{x, y, button, clicks}` |
| POST | `/type` | 输入文本 `{text}` |
| POST | `/hotkey` | 组合键 `{keys: [...]}` |
| POST | `/focus` | 聚焦窗口 `{title}` |

##  Chat Agent（实验性）

集成 GPT-4o Vision 的聊天自动监控与回复系统：

```bash
# 设置 API Key
set OPENAI_API_KEY=sk-xxx

# 审核模式（推荐）— 每条回复需确认
python -m gui_monitor chat-agent --contact ""Linda"" --mode review

# 通知模式 — 仅提醒，不回复
python -m gui_monitor chat-agent --contact ""群聊"" --mode notify

# 自动模式 — 完全自动回复（谨慎使用）
python -m gui_monitor chat-agent --contact ""Linda"" --mode auto
```

## ⚙️ 系统要求

- **操作系统**: Windows 10 1703+ / Windows 11
- **Python**: 3.10+
- **DPI**: 自动适配（支持 100%~250% 缩放）

##  License

[MIT](LICENSE)
"
"File:pyproject.toml","pyproject.toml","pyproject.toml","[build-system]
requires = [""setuptools>=68.0"", ""wheel""]
build-backend = ""setuptools.build_meta""

[project]
name = ""nova-gui-monitor""
version = ""2.1.0""
description = ""Nova GUI Monitor — Windows 电脑 GUI 自动化 CLI 工具，纯 Win32 API，零 GUI 依赖""
readme = ""README.md""
license = {file = ""LICENSE""}
requires-python = "">=3.10""
authors = [
    {name = ""Novansz""},
]
keywords = [""windows"", ""automation"", ""gui"", ""cli"", ""win32""]
classifiers = [
    ""Development Status :: 4 - Beta"",
    ""Environment :: Console"",
    ""Intended Audience :: Developers"",
    ""License :: OSI Approved :: MIT License"",
    ""Operating System :: Microsoft :: Windows"",
    ""Programming Language :: Python :: 3"",
    ""Programming Language :: Python :: 3.10"",
    ""Programming Language :: Python :: 3.11"",
    ""Programming Language :: Python :: 3.12"",
    ""Topic :: Desktop Environment"",
    ""Topic :: Software Development :: Testing"",
]

dependencies = [
    ""mss>=9.0.1"",
    ""Pillow>=10.0.0"",
    ""pypinyin>=0.55.0"",
    ""pyyaml>=6.0"",
]

[project.optional-dependencies]
chat = [""openai>=1.0.0""]
dev = [""pytest"", ""ruff""]

[project.scripts]
gui-monitor = ""gui_monitor.cli:main""

[project.urls]
Homepage = ""https://github.com/novansz1811-pixel/nova-gui-monitor""
Issues = ""https://github.com/novansz1811-pixel/nova-gui-monitor/issues""

[tool.setuptools.packages.find]
include = [""gui_monitor*""]

[tool.ruff]
target-version = ""py310""
line-length = 100
"
"File:docs/USAGE.md","USAGE.md","docs/USAGE.md","# GUI Monitor v2 — Claude Code / AI Agent 使用说明

本项目是一个 Windows 电脑自动化 CLI 工具，AI Agent 可通过命令行直接控制屏幕操作。

**无需启动 GUI、无需 HTTP 服务 — 直接命令行调用。**

## 快速开始

```bash
cd ""C:/Users/Novansz/OneDrive/产品开发/软件/GUI电脑app自动化""

# 查看帮助
python -m gui_monitor --help

# 查看屏幕信息
python -m gui_monitor info

# 截图
python -m gui_monitor screenshot --save screen.png
```

## 所有命令

### 截图

```bash
# 全屏截图
python -m gui_monitor screenshot --save screen.png

# 区域截图（物理坐标 x,y,width,height）
python -m gui_monitor screenshot --region 100,200,800,600 --save region.png

# 按窗口标题截图
python -m gui_monitor screenshot --window ""记事本"" --save notepad.png

# 输出 Base64（适合 API 调用）
python -m gui_monitor screenshot --base64
```

### 鼠标操作

```bash
# 左键单击
python -m gui_monitor click 500 300

# 右键
python -m gui_monitor click 500 300 --right

# 双击
python -m gui_monitor click 500 300 --double

# 移动鼠标
python -m gui_monitor move 500 300

# 平滑移动（0.5 秒）
python -m gui_monitor move 500 300 --duration 0.5

# 拖拽（从 100,100 到 300,200）
python -m gui_monitor drag 100 100 300 200

# 滚轮（正=上, 负=下）
python -m gui_monitor scroll -3
python -m gui_monitor scroll 5 --x 500 --y 300
```

### 键盘操作

```bash
# 按键
python -m gui_monitor key enter
python -m gui_monitor key tab
python -m gui_monitor key f5
python -m gui_monitor key a --presses 5

# 组合键
python -m gui_monitor hotkey ctrl c
python -m gui_monitor hotkey ctrl shift s
python -m gui_monitor hotkey alt f4

# 输入文本（支持中文！）
python -m gui_monitor type ""Hello World""
python -m gui_monitor type ""你好世界""

# ASCII 模式（逐字符按键，不走剪贴板）
python -m gui_monitor type ""hello"" --ascii
```

### 窗口管理

```bash
# 列出所有窗口
python -m gui_monitor windows

# JSON 格式输出
python -m gui_monitor windows --json

# 聚焦窗口（支持模糊匹配）
python -m gui_monitor focus ""记事本""
python -m gui_monitor focus ""Chrome""

# 获取窗口信息
python -m gui_monitor window-info ""记事本""

# 获取当前前台窗口
python -m gui_monitor foreground
```

### 屏幕信息

```bash
# 屏幕尺寸、DPI、显示器列表
python -m gui_monitor info

# 当前鼠标位置
python -m gui_monitor cursor
```

### HTTP API 服务（可选，兼容 v1）

```bash
# 启动 HTTP API 服务
python -m gui_monitor serve --port 8765
```

### 聊天代理（Chat Agent）

```bash
# 监控微信联系人（审核模式 — 默认）
python -m gui_monitor chat-agent --contact ""Linda"" --api-key sk-xxx

# 自动回复群聊
python -m gui_monitor chat-agent -c ""四条龙"" -m auto --interval 15

# 仅通知模式（不回复，只报告新消息）
python -m gui_monitor chat-agent -c ""王哥"" -m notify -i 10

# 使用自定义风格配置
python -m gui_monitor chat-agent -c ""Linda"" --style my_style.yaml

# 指定发送快捷键
python -m gui_monitor chat-agent -c ""Linda"" --send-key ""ctrl enter""
```

### 风格学习

```bash
# 从聊天记录学习用户说话风格
python -m gui_monitor chat-learn

# 指定聊天记录目录和输出路径
python -m gui_monitor chat-learn --history ./my_chats --output my_style.yaml
```

### 拼音输入（中文搜索框）

```bash
# 通过拼音输入法输入中文（适合微信搜索框等 Qt 控件）
python -m gui_monitor type-pinyin 四条龙

# 通过 Unicode SendInput 输入（适合标准控件）
python -m gui_monitor type-unicode 你好世界
```

## 常用操作示例

### 打开程序并输入

```bash
# 1. 聚焦窗口
python -m gui_monitor focus ""记事本""

# 2. 输入文本
python -m gui_monitor type ""自动化测试内容""

# 3. 保存（Ctrl+S）
python -m gui_monitor hotkey ctrl s
```

### 截图 → 分析 → 点击

```bash
# 1. 截图
python -m gui_monitor screenshot --save current.png

# 2. AI 分析截图，确定目标坐标...

# 3. 点击目标
python -m gui_monitor click 1500 800
```

### 窗口操作

```bash
# 1. 列出窗口找目标
python -m gui_monitor windows --json

# 2. 聚焦目标窗口
python -m gui_monitor focus ""目标窗口""

# 3. 获取窗口位置进行区域截图
python -m gui_monitor window-info ""目标窗口""
python -m gui_monitor screenshot --window ""目标窗口"" --save target.png
```

### 微信群聊自动化

```bash
# 1. 搜索并打开群聊
python -m gui_monitor focus 微信
python -m gui_monitor hotkey ctrl f          # 打开搜索
sleep 2
python -m gui_monitor type-pinyin 四条龙     # 拼音输入中文
sleep 2
python -m gui_monitor key enter              # 选择结果

# 2. 发送消息
python -m gui_monitor type ""你好大家""         # 剪贴板输入（聊天框支持）
python -m gui_monitor hotkey alt s           # 发送

# 3. 或使用集成代理自动监控
python -m gui_monitor chat-agent -c ""四条龙"" -m review
```

## 输出格式

所有命令输出 **JSON 格式**，方便 AI 解析：

```json
{""success"": true, ""x"": 500, ""y"": 300, ""button"": ""left"", ""clicks"": 1}
```

错误时输出到 stderr：
```json
{""error"": ""未找到窗口: '不存在'"", ""type"": ""ValueError""}
```

## 坐标系

> **所有坐标均为物理像素坐标**（DPI Aware 模式）。
> 
> 你的屏幕: 3840x2160, DPI 缩放 175%
>
> 坐标范围: (0,0) 到 (3839, 2159)

## 项目结构 (v2)

```
GUI电脑app自动化/
├── gui_monitor/
│   ├── __init__.py          # 包初始化（轻量）
│   ├── __main__.py          # CLI 入口：python -m gui_monitor
│   ├── cli.py               # 命令行解析（18 个子命令）
│   ├── chat_agent.py        # 聊天代理（监控/回复/风格学习）
│   ├── server.py            # HTTP API 服务（可选）
│   ├── core/
│   │   ├── screen.py        # 截图（mss）
│   │   ├── input.py         # 鼠标键盘（Win32 API + 拼音输入）
│   │   └── window.py        # 窗口管理（Win32 API）
│   └── utils/
│       ├── dpi.py           # DPI 工具
│       └── clipboard.py     # 剪贴板（中文输入）
├── chat_agent_data/
│   ├── workflows/           # Workflow Recipes（操作经验）
│   │   ├── workflow_wechat_search_contact.yaml
│   │   └── workflow_wechat_send_message.yaml
│   ├── history/             # 聊天记录（风格学习用）
│   ├── logs/                # 自动回复日志
│   ├── screenshots/         # 截图缓存
│   └── style_profile.yaml   # 风格配置
├── run.py                   # v1 GUI 启动入口（保留）
└── requirements.txt         # 依赖
```

## 依赖

v2 最小依赖：
- `mss` — 高性能截图
- `Pillow` — 图片处理
- `pypinyin` — 中文拼音转换（type-pinyin 命令）
- `pyyaml` — YAML 配置读写

Chat Agent 额外依赖：
- `openai` — GPT-4o 视觉分析

v1 GUI 额外依赖（仅 run.py 需要）：
- `PyQt6` / `pyautogui` / `opencv-python` / `numpy`

## 输入法策略

| 场景 | 方法 | 命令 |
|------|------|------|
| 标准输入框 + 中文 | 剪贴板粘贴 | `type ""中文""` |
| 微信搜索框 + 中文 | 拼音输入法 | `type-pinyin 中文` |
| 标准控件 + Unicode | SendInput Unicode | `type-unicode 文本` |
| 任何地方 + ASCII | 逐字符按键 | `type ""hello"" --ascii` |

"
"File:docs/PRD.md","PRD.md","docs/PRD.md","# GUI Monitor - 产品需求文档 (PRD)

## 1. 产品概述

### 1.1 产品名称
GUI Monitor（GUI 电脑 App 自动化监控工具）

### 1.2 产品定位
一个 Windows 桌面工具，用于定义屏幕监控区域，并提供 HTTP API 供 Claude Code 或其他自动化脚本控制鼠标键盘操作。

### 1.3 目标用户
- 开发者：需要自动化测试 GUI 应用
- Claude Code 用户：需要让 AI 操作电脑屏幕
- RPA 开发者：需要快速定义操作区域

### 1.4 核心价值
- **区域选择**：可视化拖拽定义监控/操作区域
- **API 控制**：通过 HTTP API 远程控制鼠标键盘
- **DPI 兼容**：支持高分辨率屏幕（4K + 150%/175% 缩放）

---

## 2. 功能需求

### 2.1 区域选择窗口

| 功能 | 描述 | 状态 |
|------|------|------|
| 透明边框 | 窗口透明，只显示蓝色边框，底层内容可见 | ✅ 已实现 |
| 拖拽移动 | 拖拽窗口内部移动位置 | ✅ 已实现 |
| 拖拽调整大小 | 拖拽 8 个角落/边缘调整窗口大小 | ✅ 已实现 |
| 坐标显示 | 实时显示物理坐标和窗口尺寸 | ✅ 已实现 |
| 最小尺寸限制 | 窗口最小 100×80 像素 | ✅ 已实现 |

### 2.2 悬浮工具栏

| 功能 | 描述 | 状态 |
|------|------|------|
| 全屏按钮 | 切换到全屏监控模式 | ✅ 已实现 |
| 区域按钮 | 切换到区域选择模式 | ✅ 已实现 |
| 穿透/操作切换 | 切换鼠标穿透模式 | ✅ 已实现 |
| 坐标显示 | 实时显示鼠标坐标 | ✅ 已实现 |
| 关闭按钮 | 退出程序 | ✅ 已实现 |

### 2.3 HTTP API

| 接口 | 方法 | 描述 | 状态 |
|------|------|------|------|
| `/region` | GET | 获取当前监控区域坐标 | ✅ 已实现 |
| `/state` | GET | 获取鼠标状态 | ✅ 已实现 |
| `/screenshot` | GET | 获取当前截图 (PNG) | ✅ 已实现 |
| `/info` | GET | 获取屏幕尺寸和区域信息 | ✅ 已实现 |
| `/click` | POST | 点击指定坐标 | ✅ 已实现 |
| `/move` | POST | 移动鼠标 | ✅ 已实现 |
| `/drag` | POST | 拖拽操作 | ✅ 已实现 |
| `/scroll` | POST | 滚轮滚动 | ✅ 已实现 |
| `/key` | POST | 按键操作 | ✅ 已实现 |
| `/typewrite` | POST | 输入文本 | ✅ 已实现 |
| `/hotkey` | POST | 组合键 | ✅ 已实现 |

### 2.4 IPC 文件

| 文件 | 描述 | 状态 |
|------|------|------|
| `region.json` | 当前监控区域坐标 | ✅ 已实现 |
| `state.json` | 鼠标实时状态 | ✅ 已实现 |
| `screenshot.png` | 当前截图 | ✅ 已实现 |

---

## 3. 技术架构

### 3.1 技术栈
- **语言**: Python 3.12
- **GUI 框架**: PyQt6
- **截图**: QScreen.grabWindow() / mss
- **自动化**: pyautogui
- **HTTP 服务**: Python 内置 http.server

### 3.2 项目结构
```
GUI电脑app自动化/
├── run.py                   # 启动入口
├── requirements.txt         # 依赖
├── CLAUDE.md               # Claude Code 使用说明
├── PRD.md                  # 产品需求文档（本文件）
├── config.py               # 配置（已废弃，移至 gui_monitor/）
└── gui_monitor/
    ├── __init__.py
    ├── config.py           # 配置文件
    ├── main.py             # 主程序入口
    ├── region_selector.py  # 区域选择窗口
    ├── overlay_window.py   # 全屏覆盖层
    ├── control_bar.py      # 悬浮工具栏
    ├── api_server.py       # HTTP API 服务
    ├── ipc.py              # JSON 文件 IPC
    ├── screen_capture.py   # 屏幕截图
    └── dpi.py              # DPI 转换工具
```

### 3.3 关键技术点

#### 3.3.1 DPI 感知
- Windows 高分屏使用 150%/175% 缩放
- Qt geometry() 返回逻辑坐标
- pyautogui/mss 使用物理坐标
- 解决方案：`SetProcessDpiAwareness(2)` + 坐标转换

#### 3.3.2 透明窗口
- `WA_TranslucentBackground` 实现窗口透明
- 底层内容自然透过，无需截图循环
- 避免闪烁问题

---

## 4. 接口规范

### 4.1 HTTP API 详细说明

#### GET /region
返回当前监控区域坐标。
```json
{
  ""x"": 1520,
  ""y"": 780,
  ""width"": 800,
  ""height"": 600,
  ""mode"": ""region"",
  ""timestamp"": 1648123456.789
}
```

#### POST /click
点击指定坐标。
```json
// 请求
{
  ""x"": 500,
  ""y"": 300,
  ""button"": ""left"",    // left | right | middle
  ""clicks"": 1,          // 1 = 单击, 2 = 双击
  ""delay"": 0            // 延迟秒数
}
// 响应
{
  ""success"": true,
  ""clicked"": [500, 300]
}
```

#### POST /drag
拖拽操作。
```json
// 请求
{
  ""start_x"": 100,
  ""start_y"": 100,
  ""end_x"": 300,
  ""end_y"": 200,
  ""duration"": 0.5
}
```

#### POST /hotkey
组合键。
```json
// 请求
{
  ""keys"": [""ctrl"", ""c""]
}
```

#### POST /typewrite
输入文本。
```json
// 请求
{
  ""text"": ""Hello World"",
  ""interval"": 0.1
}
```

---

## 5. 使用场景

### 5.1 场景一：自动化测试
1. 启动 GUI Monitor
2. 拖拽选择要测试的区域
3. 通过 API 获取区域截图
4. 使用 pyautogui 进行自动化操作

### 5.2 场景二：Claude Code 操作
1. 启动 GUI Monitor
2. Claude Code 通过 `/region` 获取当前区域
3. Claude Code 通过 `/screenshot` 获取截图分析
4. Claude Code 通过 `/click`、`/typewrite` 等操作屏幕

### 5.3 场景三：RPA 脚本
1. 启动 GUI Monitor
2. 读取 `region.json` 获取监控区域
3. 使用 pyautogui 在区域内操作

---

## 6. 后续规划

### 6.1 短期优化
- [ ] 添加系统托盘图标
- [ ] 支持多显示器
- [ ] 添加快捷键支持

### 6.2 中期功能
- [ ] OCR 文字识别
- [ ] 图像匹配点击
- [ ] 录制/回放操作

### 6.3 长期规划
- [ ] 跨平台支持（macOS/Linux）
- [ ] 云端 API 服务
- [ ] AI 自动化助手

---

## 7. 更新日志

### v0.1.0 (2025-03-25)
- 初始版本
- 实现区域选择窗口
- 实现 HTTP API
- 实现透明边框方案（解决 DPI 和闪烁问题）
"
"File:gui_monitor/__main__.py","__main__.py","gui_monitor/__main__.py","""""""
GUI Monitor — python -m gui_monitor 入口

DPI 初始化必须在所有其他导入之前完成。
""""""

# 第一步：DPI 初始化（必须最早执行）
from gui_monitor.utils.dpi import init_dpi
init_dpi()


def _cleanup_old_screenshots(max_age_hours: int = 24):
    """"""静默清理过期调试截图，不影响启动。""""""
    import time
    from pathlib import Path

    project_root = Path(__file__).parent.parent
    dirs = [
        project_root / ""screenshots_debug"",
        project_root / ""chat_agent_data"" / ""screenshots"",
    ]

    now = time.time()
    for d in dirs:
        if not d.exists():
            continue
        for f in d.glob(""*.png""):
            try:
                if (now - f.stat().st_mtime) > max_age_hours * 3600:
                    f.unlink()
            except Exception:
                pass


# 第二步：自动清理过期调试截图
_cleanup_old_screenshots()

# 第三步：执行 CLI
from gui_monitor.cli import main
import sys

sys.exit(main() or 0)
"
"File:gui_monitor/__init__.py","__init__.py","gui_monitor/__init__.py","# gui_monitor — Windows 电脑 GUI 自动化 CLI 工具
#
# 纯 Win32 API，零 GUI 依赖。
# 用法: python -m gui_monitor --help

__version__ = ""2.1.0""
"
"File:gui_monitor/server.py","server.py","gui_monitor/server.py","""""""
HTTP API 服务 — v2 版

保持与 v1 API 路径兼容，但内部使用 v2 核心模块。
使用 ThreadingHTTPServer 支持并发请求。
""""""

import json
import time
import base64
import sys
from http.server import ThreadingHTTPServer, BaseHTTPRequestHandler

from .core import screen, input as inp, window
from .utils.dpi import get_screen_size, get_cursor_pos, get_dpi_scale


class APIHandler(BaseHTTPRequestHandler):
    """"""HTTP API 请求处理器。""""""
    
    def log_message(self, format, *args):
        """"""简化日志。""""""
        print(f""[API] {self.command} {self.path}"", file=sys.stderr)
    
    def _send_json(self, data: dict, status: int = 200):
        self.send_response(status)
        self.send_header(""Content-Type"", ""application/json; charset=utf-8"")
        self.send_header(""Access-Control-Allow-Origin"", ""*"")
        self.send_header(""Access-Control-Allow-Methods"", ""GET, POST, OPTIONS"")
        self.send_header(""Access-Control-Allow-Headers"", ""Content-Type"")
        self.end_headers()
        self.wfile.write(json.dumps(data, ensure_ascii=False).encode(""utf-8""))
    
    def _read_body(self) -> dict:
        content_len = int(self.headers.get(""Content-Length"", 0))
        if content_len == 0:
            return {}
        body = self.rfile.read(content_len)
        return json.loads(body) if body else {}
    
    def do_OPTIONS(self):
        """"""CORS 预检。""""""
        self.send_response(204)
        self.send_header(""Access-Control-Allow-Origin"", ""*"")
        self.send_header(""Access-Control-Allow-Methods"", ""GET, POST, OPTIONS"")
        self.send_header(""Access-Control-Allow-Headers"", ""Content-Type"")
        self.end_headers()
    
    def do_GET(self):
        try:
            self._handle_get()
        except Exception as e:
            self._send_json({""error"": str(e), ""type"": type(e).__name__}, 500)
    
    def do_POST(self):
        try:
            self._handle_post()
        except Exception as e:
            self._send_json({""error"": str(e), ""type"": type(e).__name__}, 500)
    
    def _handle_get(self):
        path = self.path.split(""?"")[0]  # 去掉查询参数
        
        if path == ""/info"":
            w, h = get_screen_size()
            self._send_json({
                ""screen_width"": w,
                ""screen_height"": h,
                ""dpi_scale"": get_dpi_scale(),
            })
        
        elif path == ""/screenshot"":
            img_bytes = screen.screenshot(format=""jpeg"", quality=85)
            self.send_response(200)
            self.send_header(""Content-Type"", ""image/jpeg"")
            self.send_header(""Content-Length"", str(len(img_bytes)))
            self.send_header(""Access-Control-Allow-Origin"", ""*"")
            self.end_headers()
            self.wfile.write(img_bytes)
        
        elif path == ""/cursor"":
            x, y = get_cursor_pos()
            self._send_json({""x"": x, ""y"": y})
        
        elif path == ""/windows"":
            windows = window.list_windows()
            self._send_json({""windows"": windows, ""count"": len(windows)})
        
        elif path == ""/foreground"":
            self._send_json(window.get_foreground_window())
        
        # v1 兼容
        elif path == ""/region"":
            w, h = get_screen_size()
            self._send_json({
                ""x"": 0, ""y"": 0, ""width"": w, ""height"": h,
                ""mode"": ""fullscreen"", ""timestamp"": time.time()
            })
        
        elif path == ""/state"":
            x, y = get_cursor_pos()
            self._send_json({
                ""mouse_x"": x, ""mouse_y"": y,
                ""is_clicking"": False, ""overlay_visible"": True,
                ""timestamp"": time.time()
            })
        
        else:
            self._send_json({""error"": ""Not found"", ""path"": path}, 404)
    
    def _handle_post(self):
        path = self.path.split(""?"")[0]
        data = self._read_body()
        
        if path == ""/click"":
            x = data.get(""x"", 0)
            y = data.get(""y"", 0)
            button = data.get(""button"", ""left"")
            clicks = data.get(""clicks"", 1)
            delay = data.get(""delay"", 0)
            
            if delay > 0:
                time.sleep(delay)
            
            inp.click(x, y, button=button, clicks=clicks)
            self._send_json({""success"": True, ""x"": x, ""y"": y, ""button"": button})
        
        elif path == ""/move"":
            x = data.get(""x"", 0)
            y = data.get(""y"", 0)
            duration = data.get(""duration"", 0)
            
            inp.move(x, y, duration=duration)
            self._send_json({""success"": True, ""x"": x, ""y"": y})
        
        elif path == ""/drag"":
            inp.drag(
                data.get(""start_x"", 0), data.get(""start_y"", 0),
                data.get(""end_x"", 0), data.get(""end_y"", 0),
                duration=data.get(""duration"", 0.5),
            )
            self._send_json({""success"": True})
        
        elif path == ""/scroll"":
            amount = data.get(""amount"", -3)
            x = data.get(""x"")
            y = data.get(""y"")
            inp.scroll(amount, x=x, y=y)
            self._send_json({""success"": True, ""amount"": amount})
        
        elif path == ""/key"":
            key = data.get(""key"", """")
            presses = data.get(""presses"", 1)
            inp.key_press(key, presses=presses)
            self._send_json({""success"": True, ""key"": key})
        
        elif path == ""/type"" or path == ""/typewrite"":
            text = data.get(""text"", """")
            use_clipboard = data.get(""use_clipboard"", True)
            inp.type_text(text, use_clipboard=use_clipboard)
            self._send_json({""success"": True, ""text"": text})
        
        elif path == ""/hotkey"":
            keys = data.get(""keys"", [])
            inp.hotkey(*keys)
            self._send_json({""success"": True, ""keys"": keys})
        
        elif path == ""/focus"":
            title = data.get(""title"", """")
            result = window.focus_window(title)
            self._send_json(result)
        
        elif path == ""/screenshot"":
            region = data.get(""region"")  # [x, y, w, h]
            fmt = data.get(""format"", ""jpeg"")
            quality = data.get(""quality"", 85)
            save_path = data.get(""save_path"")
            
            r = tuple(region) if region else None
            img_bytes = screen.screenshot(region=r, save_path=save_path, quality=quality, format=fmt)
            
            if data.get(""base64""):
                self._send_json({
                    ""success"": True,
                    ""image"": base64.b64encode(img_bytes).decode(""ascii""),
                    ""format"": fmt,
                    ""size"": len(img_bytes),
                })
            else:
                content_type = ""image/jpeg"" if fmt == ""jpeg"" else ""image/png""
                self.send_response(200)
                self.send_header(""Content-Type"", content_type)
                self.send_header(""Content-Length"", str(len(img_bytes)))
                self.send_header(""Access-Control-Allow-Origin"", ""*"")
                self.end_headers()
                self.wfile.write(img_bytes)
        
        elif path == ""/window-info"":
            title = data.get(""title"", """")
            result = window.get_window_info(title)
            self._send_json(result)
        
        else:
            self._send_json({""error"": ""Not found"", ""path"": path}, 404)


def start_server(host: str = ""127.0.0.1"", port: int = 8765):
    """"""启动 HTTP API 服务。""""""
    server = ThreadingHTTPServer((host, port), APIHandler)
    
    w, h = get_screen_size()
    print(""="" * 50)
    print(""GUI Monitor v2 — HTTP API Server"")
    print(f""监听地址: http://{host}:{port}"")
    print(f""屏幕尺寸: {w}x{h} (DPI {get_dpi_scale():.0%})"")
    print(""="" * 50)
    print(""API 路径:"")
    print(""  GET  /info         → 屏幕信息"")
    print(""  GET  /screenshot   → 全屏截图 (JPEG)"")
    print(""  GET  /cursor       → 鼠标位置"")
    print(""  GET  /windows      → 窗口列表"")
    print(""  GET  /foreground   → 前台窗口"")
    print(""  POST /click        → 点击"")
    print(""  POST /move         → 移动"")
    print(""  POST /drag         → 拖拽"")
    print(""  POST /scroll       → 滚动"")
    print(""  POST /key          → 按键"")
    print(""  POST /type         → 输入文本"")
    print(""  POST /hotkey       → 组合键"")
    print(""  POST /focus        → 聚焦窗口"")
    print(""  POST /screenshot   → 区域截图"")
    print(""="" * 50)
    print(""按 Ctrl+C 停止服务"")
    
    try:
        server.serve_forever()
    except KeyboardInterrupt:
        print(""\n服务已停止"")
        server.shutdown()
"
"File:gui_monitor/cli.py","cli.py","gui_monitor/cli.py","""""""
GUI Monitor CLI — 命令行接口

用法:
    python -m gui_monitor <command> [options]
    
命令:
    screenshot  截取屏幕
    click       点击指定坐标
    move        移动鼠标
    drag        拖拽操作
    scroll      滚轮滚动
    type        输入文本（支持中文）
    key         按键操作
    hotkey      组合键
    windows     列出所有窗口
    focus       聚焦窗口
    window-info 获取窗口信息
    foreground  获取当前前台窗口
    info        屏幕信息
    cursor      当前鼠标位置
    serve       启动 HTTP API 服务
""""""

import argparse
import json
import sys
import os


def _parse_region(s: str) -> tuple[int, int, int, int]:
    """"""解析区域字符串 ""x,y,w,h"" 。""""""
    parts = s.split("","")
    if len(parts) != 4:
        raise argparse.ArgumentTypeError(f""区域格式错误，应为 x,y,width,height: {s!r}"")
    return tuple(int(p.strip()) for p in parts)


def cmd_screenshot(args):
    """"""截图命令。""""""
    from .core.screen import screenshot, screenshot_window, get_screen_info
    from .core.window import find_window
    from pathlib import Path

    # 如果 --save 是裸文件名（无目录），自动放到 screenshots_debug/
    if args.save and os.path.dirname(args.save) == """":
        debug_dir = Path(__file__).parent.parent / ""screenshots_debug""
        debug_dir.mkdir(exist_ok=True)
        args.save = str(debug_dir / args.save)

    region = None
    
    if args.region:
        region = _parse_region(args.region)
    elif args.window:
        hwnd = find_window(args.window)
        if not hwnd:
            print(json.dumps({""error"": f""未找到窗口: {args.window!r}""}, ensure_ascii=False))
            return 1
        # 截窗口
        data = screenshot_window(hwnd, save_path=args.save, quality=args.quality, format=args.format)
        if args.save:
            result = {""success"": True, ""path"": os.path.abspath(args.save), ""size"": len(data)}
            print(json.dumps(result, ensure_ascii=False))
        elif args.base64:
            import base64
            print(base64.b64encode(data).decode(""ascii""))
        else:
            sys.stdout.buffer.write(data)
        return 0
    
    data = screenshot(region=region, save_path=args.save, quality=args.quality, format=args.format)
    
    if args.save:
        result = {""success"": True, ""path"": os.path.abspath(args.save), ""size"": len(data)}
        print(json.dumps(result, ensure_ascii=False))
    elif args.base64:
        import base64
        print(base64.b64encode(data).decode(""ascii""))
    else:
        # 二进制输出到 stdout
        sys.stdout.buffer.write(data)
    
    return 0



def cmd_click(args):
    """"""点击命令。""""""
    from .core.input import click
    
    button = ""right"" if args.right else (""middle"" if args.middle else ""left"")
    clicks = 2 if args.double else args.clicks
    
    click(args.x, args.y, button=button, clicks=clicks)
    
    result = {""success"": True, ""x"": args.x, ""y"": args.y, ""button"": button, ""clicks"": clicks}
    print(json.dumps(result))
    return 0


def cmd_move(args):
    """"""移动鼠标命令。""""""
    from .core.input import move
    
    move(args.x, args.y, duration=args.duration)
    
    result = {""success"": True, ""x"": args.x, ""y"": args.y}
    print(json.dumps(result))
    return 0


def cmd_drag(args):
    """"""拖拽命令。""""""
    from .core.input import drag
    
    drag(args.x1, args.y1, args.x2, args.y2, duration=args.duration)
    
    result = {""success"": True, ""from"": [args.x1, args.y1], ""to"": [args.x2, args.y2]}
    print(json.dumps(result))
    return 0


def cmd_scroll(args):
    """"""滚动命令。""""""
    from .core.input import scroll
    
    x = args.x if args.x is not None else None
    y = args.y if args.y is not None else None
    scroll(args.amount, x=x, y=y)
    
    result = {""success"": True, ""amount"": args.amount}
    print(json.dumps(result))
    return 0


def cmd_type(args):
    """"""输入文本命令。""""""
    from .core.input import type_text
    
    text = "" "".join(args.text)
    type_text(text, use_clipboard=not args.ascii_mode)
    
    result = {""success"": True, ""text"": text, ""method"": ""ascii"" if args.ascii_mode else ""clipboard""}
    print(json.dumps(result, ensure_ascii=False))
    return 0


def cmd_key(args):
    """"""按键命令。""""""
    from .core.input import key_press
    
    key_press(args.key, presses=args.presses)
    
    result = {""success"": True, ""key"": args.key, ""presses"": args.presses}
    print(json.dumps(result))
    return 0


def cmd_hotkey(args):
    """"""组合键命令。""""""
    from .core.input import hotkey
    
    hotkey(*args.keys)
    
    result = {""success"": True, ""keys"": args.keys}
    print(json.dumps(result))
    return 0


def cmd_windows(args):
    """"""列出窗口命令。""""""
    from .core.window import list_windows
    
    windows = list_windows(include_all=args.all)
    
    if args.json:
        print(json.dumps(windows, ensure_ascii=False, indent=2))
    else:
        # 表格输出
        print(f""{'HWND':<10} {'PID':<8} {'位置':<20} {'标题'}"")
        print(""-"" * 80)
        for w in windows:
            pos = f""({w['x']},{w['y']}) {w['width']}x{w['height']}""
            print(f""{w['hwnd']:<10} {w['pid']:<8} {pos:<20} {w['title']}"")
        print(f""\n共 {len(windows)} 个窗口"")
    
    return 0


def cmd_focus(args):
    """"""聚焦窗口命令。""""""
    from .core.window import focus_window
    
    result = focus_window(args.title)
    print(json.dumps(result, ensure_ascii=False))
    return 0 if result.get(""success"") else 1


def cmd_window_info(args):
    """"""窗口信息命令。""""""
    from .core.window import get_window_info
    
    result = get_window_info(args.title)
    print(json.dumps(result, ensure_ascii=False, indent=2))
    return 0 if result.get(""success"") else 1


def cmd_foreground(args):
    """"""前台窗口命令。""""""
    from .core.window import get_foreground_window
    
    result = get_foreground_window()
    print(json.dumps(result, ensure_ascii=False, indent=2))
    return 0


def cmd_info(args):
    """"""屏幕信息命令。""""""
    from .core.screen import get_screen_info
    from .utils.dpi import get_dpi_scale, get_screen_size
    
    screen = get_screen_info()
    screen[""dpi_scale""] = get_dpi_scale()
    
    print(json.dumps(screen, ensure_ascii=False, indent=2))
    return 0


def cmd_cursor(args):
    """"""鼠标位置命令。""""""
    from .utils.dpi import get_cursor_pos
    
    x, y = get_cursor_pos()
    result = {""x"": x, ""y"": y}
    print(json.dumps(result))
    return 0


def cmd_serve(args):
    """"""启动 HTTP API 服务。""""""
    from .server import start_server
    
    start_server(host=args.host, port=args.port)
    return 0


def cmd_chat_agent(args):
    """"""聊天自动监控与回复。""""""
    from .chat_agent import monitor_loop

    api_key = args.api_key or os.environ.get(""OPENAI_API_KEY"")
    if not api_key:
        print(json.dumps({
            ""error"": ""需要 OpenAI API Key。使用 --api-key 或设置 OPENAI_API_KEY 环境变量""
        }, ensure_ascii=False))
        return 1

    print(""="" * 50)
    print("" Chat Agent v2.0 (集成版)"")
    print(f""   联系人: {args.contact}"")
    print(f""   模式: {args.mode}"")
    print(f""   间隔: {args.interval}秒"")
    print(f""   发送键: {args.send_key}"")
    print(""="" * 50)

    monitor_loop(
        contact=args.contact,
        interval=args.interval,
        mode=args.mode,
        api_key=api_key,
        style_path=args.style,
        send_key=args.send_key,
    )
    return 0


def cmd_chat_learn(args):
    """"""从聊天记录学习风格。""""""
    from .chat_agent import learn_style

    result = learn_style(history_dir=args.history, output=args.output)
    if result:
        print(json.dumps(result, ensure_ascii=False, indent=2))
    return 0 if result else 1


def cmd_type_pinyin(args):
    """"""通过拼音输入法输入中文。""""""
    from .core.input import type_pinyin

    text = "" "".join(args.text)
    type_pinyin(text)

    result = {""success"": True, ""text"": text, ""method"": ""pinyin""}
    print(json.dumps(result, ensure_ascii=False))
    return 0


def cmd_type_unicode(args):
    """"""通过 Unicode SendInput 输入文本。""""""
    from .core.input import type_unicode

    text = "" "".join(args.text)
    type_unicode(text)

    result = {""success"": True, ""text"": text, ""method"": ""unicode""}
    print(json.dumps(result, ensure_ascii=False))
    return 0


def build_parser() -> argparse.ArgumentParser:
    """"""构建命令行参数解析器。""""""
    parser = argparse.ArgumentParser(
        prog=""gui_monitor"",
        description=""GUI Monitor — 电脑自动化 CLI 工具"",
        formatter_class=argparse.RawDescriptionHelpFormatter,
        epilog=__doc__,
    )
    parser.add_argument(
        ""--version"", action=""version"",
        version=f""%(prog)s {__import__('gui_monitor').__version__}"",
    )
    
    subparsers = parser.add_subparsers(dest=""command"", help=""可用命令"")
    
    # ─── screenshot ─────────────────────────────────
    p = subparsers.add_parser(""screenshot"", aliases=[""ss""], help=""截取屏幕"")
    p.add_argument(""--region"", ""-r"", help=""区域 x,y,width,height"")
    p.add_argument(""--window"", ""-w"", help=""按窗口标题截图"")
    p.add_argument(""--save"", ""-s"", help=""保存到文件路径"")
    p.add_argument(""--format"", ""-f"", default=""png"", choices=[""png"", ""jpeg""], help=""图片格式"")
    p.add_argument(""--quality"", ""-q"", type=int, default=85, help=""JPEG 质量 (1-100)"")
    p.add_argument(""--base64"", ""-b"", action=""store_true"", help=""输出 Base64 编码"")
    p.set_defaults(func=cmd_screenshot)
    
    # ─── click ──────────────────────────────────────
    p = subparsers.add_parser(""click"", help=""点击指定坐标"")
    p.add_argument(""x"", type=int, help=""X 坐标"")
    p.add_argument(""y"", type=int, help=""Y 坐标"")
    p.add_argument(""--right"", action=""store_true"", help=""右键点击"")
    p.add_argument(""--middle"", action=""store_true"", help=""中键点击"")
    p.add_argument(""--double"", action=""store_true"", help=""双击"")
    p.add_argument(""--clicks"", type=int, default=1, help=""点击次数"")
    p.set_defaults(func=cmd_click)
    
    # ─── move ───────────────────────────────────────
    p = subparsers.add_parser(""move"", help=""移动鼠标"")
    p.add_argument(""x"", type=int, help=""X 坐标"")
    p.add_argument(""y"", type=int, help=""Y 坐标"")
    p.add_argument(""--duration"", ""-d"", type=float, default=0, help=""移动耗时（秒）"")
    p.set_defaults(func=cmd_move)
    
    # ─── drag ───────────────────────────────────────
    p = subparsers.add_parser(""drag"", help=""拖拽操作"")
    p.add_argument(""x1"", type=int, help=""起始 X"")
    p.add_argument(""y1"", t
... [truncated]"
"File:gui_monitor/chat_agent.py","chat_agent.py","gui_monitor/chat_agent.py","""""""
Chat Agent — 聊天自动监控与智能回复模块

集成在 gui_monitor 内部，直接调用 core API，无需 subprocess。

用法:
    python -m gui_monitor chat-agent --contact ""Linda"" --mode review
    python -m gui_monitor chat-agent --contact ""四条龙"" --mode notify --interval 15

依赖:
    - openai (pip install openai)
    - pypinyin (pip install pypinyin)  # 中文联系人搜索时需要
    - pyyaml (pip install pyyaml)
""""""

import base64
import hashlib
import json
import os
import re
import sys
import time
import traceback
from datetime import datetime
from pathlib import Path

# ─── 路径配置 ──────────────────────────────────────────────

# 数据目录放在项目根目录下
_MODULE_DIR = Path(__file__).parent        # gui_monitor/
_PROJECT_ROOT = _MODULE_DIR.parent         # GUI电脑app自动化/
DATA_DIR = _PROJECT_ROOT / ""chat_agent_data""
LOG_DIR = DATA_DIR / ""logs""
SCREENSHOT_DIR = DATA_DIR / ""screenshots""
HISTORY_DIR = DATA_DIR / ""history""
STYLE_FILE = DATA_DIR / ""style_profile.yaml""

# 微信发送快捷键
WECHAT_SEND_KEYS = [""alt"", ""s""]


# ─── 工具函数 ──────────────────────────────────────────────

def _ensure_dirs():
    """"""确保数据目录存在。""""""
    for d in [DATA_DIR, LOG_DIR, SCREENSHOT_DIR, HISTORY_DIR]:
        d.mkdir(parents=True, exist_ok=True)


def _is_ascii(text: str) -> bool:
    """"""判断文本是否全为 ASCII 字符。""""""
    return all(ord(c) < 128 for c in text)


def image_to_base64(path: str) -> str:
    """"""图片转 Base64。""""""
    with open(path, ""rb"") as f:
        return base64.b64encode(f.read()).decode(""ascii"")


def image_hash(path: str) -> str:
    """"""计算图片文件的 SHA256 哈希（用于快速比对画面变化）。""""""
    with open(path, ""rb"") as f:
        return hashlib.sha256(f.read()).hexdigest()


def log_message(contact: str, direction: str, content: str):
    """"""记录消息日志。""""""
    LOG_DIR.mkdir(parents=True, exist_ok=True)
    log_file = LOG_DIR / f""{datetime.now():%Y-%m-%d}.log""
    timestamp = datetime.now().strftime(""%H:%M:%S"")
    line = f""[{timestamp}] [{contact}] [{direction}] {content}\n""

    with open(log_file, ""a"", encoding=""utf-8"") as f:
        f.write(line)

    print(f""   {line.strip()}"")


def load_style_profile(style_path: Path | None = None) -> dict:
    """"""加载风格配置。""""""
    path = style_path or STYLE_FILE
    if not path.exists():
        return {}
    try:
        import yaml
        with open(path, ""r"", encoding=""utf-8"") as f:
            data = yaml.safe_load(f)
            return data.get(""style_profile"", data) if data else {}
    except ImportError:
        # 没有 pyyaml，尝试 JSON 格式
        try:
            with open(path, ""r"", encoding=""utf-8"") as f:
                return json.load(f)
        except Exception:
            return {}
    except Exception:
        return {}


# ─── 微信导航 ──────────────────────────────────────────────

def navigate_to_contact(contact: str):
    """"""在微信中搜索并打开指定联系人/群聊。
    
    自动判断联系人名称是否包含中文：
    - ASCII → 直接逐字符输入（如 ""Linda""）
    - 中文 → 使用系统拼音输入法键入（如 ""四条龙""）
    """"""
    from .core.window import focus_window
    from .core.input import hotkey, key_press, type_text, type_pinyin

    # 1. 聚焦微信
    print(f""   正在搜索联系人: {contact}"")
    result = focus_window(""微信"")
    if not result.get(""success""):
        print(f""  ❌ 无法聚焦微信窗口"", file=sys.stderr)
        return False
    time.sleep(1)

    # 2. Ctrl+F 打开搜索
    hotkey(""ctrl"", ""f"")
    time.sleep(2)

    # 3. 输入联系人名称
    if _is_ascii(contact):
        # ASCII 联系人直接逐字符键入
        type_text(contact, use_clipboard=False)
    else:
        # 中文联系人通过拼音输入法
        type_pinyin(contact)

    time.sleep(2)

    # 4. 按 Enter 选择第一个结果
    key_press(""enter"")
    time.sleep(1)

    # 5. Escape 关掉搜索面板
    key_press(""escape"")
    time.sleep(0.5)

    print(f""  ✅ 已打开联系人: {contact}"")
    return True


# ─── 截图 ──────────────────────────────────────────────────

def screenshot_chat(save_path: str) -> bool:
    """"""截图微信聊天窗口。""""""
    from .core.screen import screenshot
    from .core.window import focus_window

    result = focus_window(""微信"")
    if not result.get(""success""):
        return False

    try:
        region = (result[""x""], result[""y""], result[""width""], result[""height""])
        data = screenshot(region=region, save_path=save_path)
        return bool(data)
    except Exception as e:
        print(f""  ❌ 截图失败: {e}"", file=sys.stderr)
        return False


# ─── AI 视觉分析 ───────────────────────────────────────────

def analyze_screenshot(
    image_path: str,
    style_profile: dict,
    contact: str,
    api_key: str,
) -> dict:
    """"""用 AI 视觉 API 分析聊天截图。
    
    返回:
        {
            ""has_new_message"": bool,
            ""last_message_from"": ""contact"" | ""me"",
            ""last_message_text"": str,
            ""suggested_reply"": str | None,
            ""confidence"": float
        }
    """"""
    try:
        from openai import OpenAI
    except ImportError:
        print(""  ❌ 需要 openai 库: pip install openai"", file=sys.stderr)
        return {""has_new_message"": False, ""confidence"": 0}

    client = OpenAI(api_key=api_key)
    b64_image = image_to_base64(image_path)

    # 构建风格提示
    style_prompt = """"
    if style_profile:
        style_prompt = f""""""
你需要模仿用户的聊天风格来回复。用户的风格特征：
- 语气：{style_profile.get('tone', '随意')}
- 句子长度：{style_profile.get('sentence_length', '短')}
- 口头禅：{', '.join(style_profile.get('filler_words', []))}
- 标点习惯：{style_profile.get('punctuation_style', '正常')}
- Emoji 使用：{style_profile.get('emoji_usage', '适中')}
- 标志性用语：{', '.join(style_profile.get('signature_phrases', []))}

示例对话：
""""""
        for ex in style_profile.get(""example_exchanges"", [])[:5]:
            style_prompt += f""  对方：{ex.get('received', '')}\n""
            style_prompt += f""  用户回复：{ex.get('replied', '')}\n""

    messages = [
        {
            ""role"": ""system"",
            ""content"": f""""""你是一个聊天截图分析助手。分析微信聊天截图并返回 JSON。

任务：
1. 识别截图中的聊天内容
2. 判断最新一条消息是对方发的还是用户发的
3. 如果最新消息来自对方（联系人：{contact}），生成一条合适的回复

{style_prompt}

严格返回以下 JSON 格式（不要加 markdown 标记）：
{{
    ""has_new_message"": true/false,
    ""last_message_from"": ""contact"" 或 ""me"",
    ""last_message_text"": ""最新消息的内容"",
    ""suggested_reply"": ""建议的回复内容（仅当需要回复时）"",
    ""confidence"": 0.0-1.0
}}

如果无法识别内容，设 confidence 为 0 且 has_new_message 为 false。
不要回复涉及金钱、密码、隐私的消息，此时 suggested_reply 设为 null。""""""
        },
        {
            ""role"": ""user"",
            ""content"": [
                {""type"": ""text"", ""text"": f""分析这张微信聊天截图。联系人是 {contact}。""},
                {
                    ""type"": ""image_url"",
                    ""image_url"": {
                        ""url"": f""data:image/png;base64,{b64_image}"",
                        ""detail"": ""high"",
                    },
                },
            ],
        },
    ]

    response = client.chat.completions.create(
        model=""gpt-4o"",
        messages=messages,
        max_tokens=500,
        temperature=0.7,
    )

    reply_text = response.choices[0].message.content.strip()

    # 清理可能的 markdown 包裹
    if reply_text.startswith(""```""):
        reply_text = reply_text.split(""\n"", 1)[1]
        reply_text = reply_text.rsplit(""```"", 1)[0]

    try:
        return json.loads(reply_text)
    except json.JSONDecodeError:
        print(f""  ⚠️ AI 返回解析失败: {reply_text[:200]}"", file=sys.stderr)
        return {""has_new_message"": False, ""confidence"": 0}


# ─── 发送消息 ──────────────────────────────────────────────

def send_reply(text: str) -> bool:
    """"""通过 GUI 自动化在当前聊天窗口发送回复。""""""
    from .core.window import focus_window
    from .core.input import type_text, hotkey

    # 确保微信在前台
    focus_window(""微信"")
    time.sleep(0.5)

    # 输入文本（通过剪贴板，支持中文）
    type_text(text, use_clipboard=True)
    time.sleep(0.3)

    # 发送
    hotkey(*WECHAT_SEND_KEYS)
    time.sleep(0.3)

    return True


# ─── 主监控循环 ────────────────────────────────────────────

def monitor_loop(
    contact: str,
    interval: int = 10,
    mode: str = ""review"",
    api_key: str = """",
    style_path: str | None = None,
    send_key: str = ""alt s"",
):
    """"""主监控循环。
    
    Args:
        contact: 联系人名称
        interval: 截图间隔（秒）
        mode: ""auto"" | ""review"" | ""notify""
        api_key: OpenAI API Key
        style_path: 风格配置文件路径
        send_key: 发送快捷键（如 ""alt s"" 或 ""ctrl enter""）
    """"""
    global WECHAT_SEND_KEYS
    WECHAT_SEND_KEYS = send_key.split()

    _ensure_dirs()

    # 加载风格
    sp = Path(style_path) if style_path else None
    style_profile = load_style_profile(sp)
    if style_profile:
        print(f""  ✅ 已加载风格配置"")
    else:
        print(f""  ⚠️ 未找到风格配置，将使用默认风格"")

    # 导航到联系人
    if not navigate_to_contact(contact):
        print(""  ❌ 无法打开联系人，退出"", file=sys.stderr)
        return

    print(f""\n 开始监控 [{contact}]"")
    print(f""   模式: {mode} | 间隔: {interval}秒"")
    print(f""   按 Ctrl+C 停止\n"")

    last_hash = """"
    reply_count = 0
    minute_start = time.time()

    try:
        while True:
            # 频率限制重置
            if time.time() - minute_start > 60:
                reply_count = 0
                minute_start = time.time()

            # 截图
            ss_path = str(SCREENSHOT_DIR / ""current.png"")
            from .core.window import focus_window
            focus_window(""微信"")
            time.sleep(0.5)

            if not screenshot_chat(ss_path):
                print(""  ❌ 截图失败，跳过"")
                time.sleep(interval)
                continue

            # 快速判断画面是否变化
            current_hash = image_hash(ss_path)
            if current_hash == last_hash:
                time.sleep(interval)
                continue

            last_hash = current_hash
            print(f""   [{datetime.now():%H:%M:%S}] 画面变化，分析中..."")

            # AI 分析
            analysis = analyze_screenshot(ss_path, style_profile, contact, api_key)

            has_new = analysis.get(""has_new_message"", False)
            from_who = analysis.get(""last_message_from"", """")
            last_msg = analysis.get(""last_message_text"", """")
            reply = analysis.get(""suggested_reply"")
            confidence = analysis.get(""confidence"", 0)

            print(f""   新消息: {has_new} | 来自: {from_who} | 置信度: {confidence}"")
            if last_msg:
                print(f""   最新: {last_msg}"")

            if not has_new or from_who != ""contact"" or not reply:
               
... [truncated]"
"File:chat_agent_data/workflows/workflow_wechat_send_message.yaml","workflow_wechat_send_message.yaml","chat_agent_data/workflows/workflow_wechat_send_message.yaml","# Workflow Recipe: 微信发送消息
# 从 2026-05-07 实战中总结

app: ""微信""
app_class: ""WeChatMainWndForPC""
action: ""send_message""
version: 1
created: ""2026-05-07""
updated: ""2026-05-07""
status: ""verified""

prerequisites:
  - ""微信已登录并在前台""
  - ""目标聊天窗口已打开（可先用 search_contact Recipe）""
  - ""输入框已获得焦点""

steps:
  - name: ""聚焦微信窗口""
    api: ""window.focus_window('微信')""
    cli: ""python -m gui_monitor focus 微信""
    wait_after: 0.5

  - name: ""输入消息文本""
    api: ""input.type_text('你好', use_clipboard=True)""
    cli: ""python -m gui_monitor type 你好""
    wait_after: 0.3
    notes: |
      消息输入框（不是搜索框）支持 Ctrl+V 剪贴板粘贴。
      ⚠️ 仅搜索框不接受 Ctrl+V，聊天输入框可以正常使用。
      type_text 默认使用 clipboard 模式。

  - name: ""发送消息""
    api: ""input.hotkey('alt', 's')""
    cli: ""python -m gui_monitor hotkey alt s""
    wait_after: 0.3
    notes: |
      微信默认发送快捷键是 Alt+S。
      部分用户可能设置为 Ctrl+Enter，需确认。
      也可以直接点击发送按钮（但坐标不稳定，不推荐）。

gotchas:
  - issue: ""输入框和搜索框的行为不同""
    root_cause: ""搜索框是 Qt 自定义控件，拦截 WM_PASTE；输入框是标准富文本框""
    solution: ""聊天输入框直接用 type_text (clipboard 模式) 即可""

  - issue: ""Alt+S 发送后消息实际未送出""
    root_cause: ""微信输入框未获得焦点，Alt+S 被其他元素捕获""
    solution: ""发送前先点击输入框区域确保焦点""
    recovery: ""click 输入框坐标 → 重新 type → 重新 hotkey alt s""

  - issue: ""中文输入法残留拼音干扰消息""
    root_cause: ""如果刚用过 type_pinyin 搜索联系人，IME 可能仍处于中文模式""
    solution: ""切换 IME 到英文后再 type_text，或直接用 clipboard 粘贴（绕过 IME）""

timing:
  focus_delay: 0.5
  type_delay: 0.3
  send_delay: 0.3
  post_send_verify: 1.0

reliability:
  success_rate: ""95%""
  failure_modes:
    - ""输入框未获得焦点""
    - ""Alt+S 快捷键配置不同""
  recovery: ""点击输入框 → 重新输入 → 重新发送""
"
"File:chat_agent_data/workflows/workflow_wechat_search_contact.yaml","workflow_wechat_search_contact.yaml","chat_agent_data/workflows/workflow_wechat_search_contact.yaml","# Workflow Recipe: 微信搜索联系人/群聊
# 从 2026-05-07 实战中总结

app: ""微信""
app_class: ""WeChatMainWndForPC""
action: ""search_contact""
version: 1
created: ""2026-05-07""
updated: ""2026-05-07""
status: ""verified""

prerequisites:
  - ""微信已登录并在前台""
  - ""系统输入法已安装中文拼音 (搜索中文联系人时)""
  - ""pypinyin 库已安装 (pip install pypinyin)""

steps:
  - name: ""聚焦微信窗口""
    api: ""window.focus_window('微信')""
    cli: ""python -m gui_monitor focus 微信""
    wait_after: 1.0
    notes: ""使用模糊匹配标题，会匹配第一个包含'微信'的窗口""

  - name: ""打开搜索框""
    api: ""input.hotkey('ctrl', 'f')""
    cli: ""python -m gui_monitor hotkey ctrl f""
    wait_after: 2.0
    notes: |
      Ctrl+F 触发微信内置搜索面板。
      必须等待至少 2 秒让搜索面板完全展开并获得焦点。
      ⚠️ 不要点击搜索框！直接 Ctrl+F 更可靠。

  - name: ""输入联系人名称 (ASCII)""
    condition: ""联系人名全为英文/数字""
    api: ""input.type_text('linda', use_clipboard=False)""
    cli: ""python -m gui_monitor type linda --ascii""
    wait_after: 2.0
    notes: ""逐字符 ASCII 键入，微信搜索框可正常接收""

  - name: ""输入联系人名称 (中文)""
    condition: ""联系人名包含中文字符""
    api: ""input.type_pinyin('四条龙')""
    cli: ""python -m gui_monitor type-pinyin 四条龙""
    wait_after: 2.0
    notes: |
      通过系统拼音 IME 键入。过程:
      1. pypinyin 将中文转拼音字母 (四条龙 → sitiaolong)
      2. 逐字母 keybd_event 按键，触发系统 IME
      3. IME 弹出候选面板
      4. 按空格选择第一个候选项

  - name: ""选择搜索结果""
    api: ""input.key_press('enter')""
    cli: ""python -m gui_monitor key enter""
    wait_after: 1.0
    notes: ""按 Enter 选择搜索结果列表中的第一项，打开对应聊天窗口""

  - name: ""关闭搜索面板 (可选)""
    api: ""input.key_press('escape')""
    cli: ""python -m gui_monitor key escape""
    wait_after: 0.5
    notes: ""按 Escape 关闭搜索下拉面板，恢复正常聊天视图""

gotchas:
  - issue: ""微信搜索框不接受 Ctrl+V 粘贴""
    root_cause: ""微信使用自定义 Qt 输入控件，拦截了标准 WM_PASTE 和键盘级的 Ctrl+V""
    tried_and_failed:
      - ""set_clipboard_text + hotkey('ctrl', 'v')""
      - ""SendMessageW(hwnd, WM_PASTE, 0, 0)""
      - ""KEYEVENTF_UNICODE SendInput""
    solution: ""使用系统拼音输入法 (type_pinyin) 逐字母键入""
    discovered: ""2026-05-07""

  - issue: ""KEYEVENTF_UNICODE SendInput 无法在搜索框输入""
    root_cause: ""Qt 控件不处理 WM_UNICHAR 以外的 Unicode 注入方式""
    solution: ""改用 IME 拼音方案""
    discovered: ""2026-05-07""

  - issue: ""搜索面板展开后键入被忽略""
    root_cause: ""搜索框展开动画未完成时焦点不在输入区域""
    solution: ""Ctrl+F 后等待至少 2 秒""
    discovered: ""2026-05-07""

  - issue: ""直接点击搜索框位置反而打开了聊天列表项""
    root_cause: ""搜索框坐标和聊天列表项坐标重叠，点击偏移导致错误交互""
    solution: ""不要手动计算坐标点击搜索框，直接用 Ctrl+F 快捷键""
    discovered: ""2026-05-07""

  - issue: ""拼音候选可能不是目标汉字""
    root_cause: ""系统输入法的候选排序取决于用户历史使用频率""
    solution: ""默认按空格选第一个候选。如果不对，需人工确认或用数字键选择""
    recovery: ""Escape 清空后重试""

timing:
  focus_delay: 1.0
  search_open_delay: 2.0
  ascii_char_interval: 0.08
  pinyin_char_interval: 0.08
  ime_confirm_delay: 0.5
  result_select_delay: 1.0
  escape_delay: 0.5

reliability:
  ascii_success_rate: ""95%""
  pinyin_success_rate: ""90%""
  failure_modes:
    - ""IME 候选未命中目标汉字 (拼音输入法排序)""
    - ""微信未在前台或被其他窗口遮挡""
    - ""搜索面板动画未完成就开始键入""
  recovery: ""Escape 清空搜索框 → 等待 1 秒 → 重新 Ctrl+F → 重新键入""
"
"File:gui_monitor/utils/__init__.py","__init__.py","gui_monitor/utils/__init__.py","# gui_monitor.utils
"
"File:gui_monitor/utils/dpi.py","dpi.py","gui_monitor/utils/dpi.py","""""""
DPI 感知工具 — v2 统一版

规则：所有外部接口统一使用物理坐标。
SetProcessDpiAwareness(2) 必须在进程最早期调用。
""""""

import ctypes
import ctypes.wintypes as wintypes
import sys

_initialized = False
_dpi_scale = None


def init_dpi():
    """"""进程启动时调用一次，声明 Per-Monitor DPI Awareness。
    
    必须在任何 GUI / 截图库导入前调用。
    """"""
    global _initialized
    if _initialized:
        return
    try:
        # Per-Monitor DPI Aware V2 (Windows 10 1703+)
        ctypes.windll.shcore.SetProcessDpiAwareness(2)
    except Exception:
        try:
            # 回退到 System DPI Aware
            ctypes.windll.user32.SetProcessDPIAware()
        except Exception:
            pass
    _initialized = True


def get_dpi_scale(monitor_index: int = 0) -> float:
    """"""获取 DPI 缩放比（1.0 = 100%, 1.5 = 150%, 1.75 = 175%）。
    
    使用 GetDeviceCaps 获取主屏 DPI。
    """"""
    global _dpi_scale
    if _dpi_scale is not None:
        return _dpi_scale
    try:
        hdc = ctypes.windll.user32.GetDC(0)
        dpi = ctypes.windll.gdi32.GetDeviceCaps(hdc, 88)  # LOGPIXELSX
        ctypes.windll.user32.ReleaseDC(0, hdc)
        _dpi_scale = dpi / 96.0
    except Exception:
        _dpi_scale = 1.0
    return _dpi_scale


def get_screen_size() -> tuple[int, int]:
    """"""获取主屏物理像素尺寸。
    
    使用 GetSystemMetrics，DPI Aware 模式下返回真实物理像素。
    """"""
    w = ctypes.windll.user32.GetSystemMetrics(0)   # SM_CXSCREEN
    h = ctypes.windll.user32.GetSystemMetrics(1)   # SM_CYSCREEN
    return w, h


def get_virtual_screen_size() -> tuple[int, int, int, int]:
    """"""获取虚拟屏幕（多显示器合并）的范围。
    
    Returns:
        (x, y, width, height) — 虚拟屏幕左上角和总尺寸
    """"""
    x = ctypes.windll.user32.GetSystemMetrics(76)   # SM_XVIRTUALSCREEN
    y = ctypes.windll.user32.GetSystemMetrics(77)   # SM_YVIRTUALSCREEN
    w = ctypes.windll.user32.GetSystemMetrics(78)   # SM_CXVIRTUALSCREEN
    h = ctypes.windll.user32.GetSystemMetrics(79)   # SM_CYVIRTUALSCREEN
    return x, y, w, h


def get_cursor_pos() -> tuple[int, int]:
    """"""获取当前鼠标位置（物理坐标）。""""""
    point = wintypes.POINT()
    ctypes.windll.user32.GetCursorPos(ctypes.byref(point))
    return point.x, point.y
"
"File:gui_monitor/utils/clipboard.py","clipboard.py","gui_monitor/utils/clipboard.py","""""""
剪贴板工具 — 支持中文文本输入

通过 Win32 API 操作剪贴板，配合 Ctrl+V 粘贴实现中文输入。
""""""

import ctypes
import ctypes.wintypes as wintypes
import time

# Win32 剪贴板常量
CF_UNICODETEXT = 13
GMEM_MOVEABLE = 0x0002


def set_clipboard_text(text: str) -> bool:
    """"""将文本写入系统剪贴板。
    
    Args:
        text: 要写入的文本（支持中文）
    
    Returns:
        True 成功，False 失败
    """"""
    if not text:
        return False
    
    try:
        # 打开剪贴板
        if not ctypes.windll.user32.OpenClipboard(0):
            return False
        
        try:
            # 清空剪贴板
            ctypes.windll.user32.EmptyClipboard()
            
            # 编码为 UTF-16LE（Windows 内部编码）
            data = text.encode(""utf-16-le"") + b""\x00\x00""
            
            # 分配全局内存
            h_mem = ctypes.windll.kernel32.GlobalAlloc(GMEM_MOVEABLE, len(data))
            if not h_mem:
                return False
            
            # 锁定内存并复制数据
            p_mem = ctypes.windll.kernel32.GlobalLock(h_mem)
            if not p_mem:
                ctypes.windll.kernel32.GlobalFree(h_mem)
                return False
            
            ctypes.memmove(p_mem, data, len(data))
            ctypes.windll.kernel32.GlobalUnlock(h_mem)
            
            # 设置剪贴板数据
            ctypes.windll.user32.SetClipboardData(CF_UNICODETEXT, h_mem)
            return True
        finally:
            ctypes.windll.user32.CloseClipboard()
    except Exception:
        return False


def get_clipboard_text() -> str:
    """"""从系统剪贴板读取文本。
    
    Returns:
        剪贴板文本，失败返回空字符串
    """"""
    try:
        if not ctypes.windll.user32.OpenClipboard(0):
            return """"
        
        try:
            h_data = ctypes.windll.user32.GetClipboardData(CF_UNICODETEXT)
            if not h_data:
                return """"
            
            p_data = ctypes.windll.kernel32.GlobalLock(h_data)
            if not p_data:
                return """"
            
            try:
                text = ctypes.wstring_at(p_data)
                return text
            finally:
                ctypes.windll.kernel32.GlobalUnlock(h_data)
        finally:
            ctypes.windll.user32.CloseClipboard()
    except Exception:
        return """"
"
"File:gui_monitor/core/__init__.py","__init__.py","gui_monitor/core/__init__.py","# gui_monitor.core
"
"File:gui_monitor/core/window.py","window.py","gui_monitor/core/window.py","""""""
窗口管理模块 — 枚举、查找、聚焦、移动窗口

使用 Win32 API，不依赖 pygetwindow。
""""""

import ctypes
import ctypes.wintypes as wintypes
import time
import re
from typing import Optional


# ─── 类型定义 ──────────────────────────────────────────────

WNDENUMPROC = ctypes.WINFUNCTYPE(wintypes.BOOL, wintypes.HWND, wintypes.LPARAM)

# ShowWindow 常量
SW_RESTORE = 9
SW_SHOW = 5
SW_MINIMIZE = 6
SW_MAXIMIZE = 3

# GetWindowLong 常量
GWL_STYLE = -16
GWL_EXSTYLE = -20
WS_VISIBLE = 0x10000000
WS_EX_TOOLWINDOW = 0x00000080
WS_EX_APPWINDOW = 0x00040000


# ─── 窗口信息 ──────────────────────────────────────────────

def _get_window_title(hwnd: int) -> str:
    """"""获取窗口标题。""""""
    length = ctypes.windll.user32.GetWindowTextLengthW(hwnd)
    if length == 0:
        return """"
    buf = ctypes.create_unicode_buffer(length + 1)
    ctypes.windll.user32.GetWindowTextW(hwnd, buf, length + 1)
    return buf.value


def _get_window_rect(hwnd: int) -> tuple[int, int, int, int]:
    """"""获取窗口矩形（物理坐标）。""""""
    rect = wintypes.RECT()
    ctypes.windll.user32.GetWindowRect(hwnd, ctypes.byref(rect))
    return rect.left, rect.top, rect.right - rect.left, rect.bottom - rect.top


def _get_class_name(hwnd: int) -> str:
    """"""获取窗口类名。""""""
    buf = ctypes.create_unicode_buffer(256)
    ctypes.windll.user32.GetClassNameW(hwnd, buf, 256)
    return buf.value


def _get_process_id(hwnd: int) -> int:
    """"""获取窗口对应的进程 ID。""""""
    pid = wintypes.DWORD()
    ctypes.windll.user32.GetWindowThreadProcessId(hwnd, ctypes.byref(pid))
    return pid.value


def _is_real_window(hwnd: int) -> bool:
    """"""判断是否为真实的应用窗口（排除工具窗口等）。""""""
    if not ctypes.windll.user32.IsWindowVisible(hwnd):
        return False
    
    title = _get_window_title(hwnd)
    if not title:
        return False
    
    # 排除一些系统窗口
    style = ctypes.windll.user32.GetWindowLongW(hwnd, GWL_STYLE)
    ex_style = ctypes.windll.user32.GetWindowLongW(hwnd, GWL_EXSTYLE)
    
    # 排除工具窗口（除非它有 APPWINDOW 样式）
    if (ex_style & WS_EX_TOOLWINDOW) and not (ex_style & WS_EX_APPWINDOW):
        return False
    
    return True


# ─── 公共 API ──────────────────────────────────────────────

def list_windows(include_all: bool = False) -> list[dict]:
    """"""枚举所有可见窗口。
    
    Args:
        include_all: True = 包含所有可见窗口，False = 仅真实应用窗口
    
    Returns:
        窗口信息列表 [{""hwnd"", ""title"", ""class"", ""pid"", ""x"", ""y"", ""width"", ""height""}, ...]
    """"""
    windows = []
    
    def callback(hwnd, _):
        if include_all:
            if not ctypes.windll.user32.IsWindowVisible(hwnd):
                return True
            title = _get_window_title(hwnd)
            if not title:
                return True
        else:
            if not _is_real_window(hwnd):
                return True
            title = _get_window_title(hwnd)
        
        x, y, w, h = _get_window_rect(hwnd)
        windows.append({
            ""hwnd"": hwnd,
            ""title"": title,
            ""class"": _get_class_name(hwnd),
            ""pid"": _get_process_id(hwnd),
            ""x"": x, ""y"": y,
            ""width"": w, ""height"": h,
        })
        return True
    
    ctypes.windll.user32.EnumWindows(WNDENUMPROC(callback), 0)
    return windows


def find_window(title: str, exact: bool = False) -> Optional[int]:
    """"""按标题查找窗口。
    
    Args:
        title: 窗口标题（支持部分匹配和正则）
        exact: True = 精确匹配，False = 包含匹配
    
    Returns:
        窗口句柄 hwnd，未找到返回 None
    """"""
    if exact:
        hwnd = ctypes.windll.user32.FindWindowW(None, title)
        return hwnd if hwnd else None
    
    # 模糊匹配 + 正则匹配（只枚举一次）
    title_lower = title.lower()
    all_windows = list_windows(include_all=True)

    for win in all_windows:
        if title_lower in win[""title""].lower():
            return win[""hwnd""]
    
    # 正则匹配
    try:
        pattern = re.compile(title, re.IGNORECASE)
        for win in all_windows:
            if pattern.search(win[""title""]):
                return win[""hwnd""]
    except re.error:
        pass
    
    return None


def focus_window(title: str) -> dict:
    """"""聚焦窗口（前置 + 还原）。
    
    Args:
        title: 窗口标题（支持模糊匹配）
    
    Returns:
        {""success"": bool, ""hwnd"": int, ""title"": str, ...}
    """"""
    hwnd = find_window(title)
    if not hwnd:
        return {""success"": False, ""error"": f""未找到窗口: {title!r}""}
    
    # 如果最小化，先还原
    if ctypes.windll.user32.IsIconic(hwnd):
        ctypes.windll.user32.ShowWindow(hwnd, SW_RESTORE)
        time.sleep(0.1)
    
    # 前置窗口
    ctypes.windll.user32.SetForegroundWindow(hwnd)
    time.sleep(0.1)
    
    actual_title = _get_window_title(hwnd)
    x, y, w, h = _get_window_rect(hwnd)
    
    return {
        ""success"": True,
        ""hwnd"": hwnd,
        ""title"": actual_title,
        ""x"": x, ""y"": y,
        ""width"": w, ""height"": h,
    }


def get_window_info(title: str) -> dict:
    """"""获取窗口信息。
    
    Args:
        title: 窗口标题（支持模糊匹配）
    
    Returns:
        窗口信息字典
    """"""
    hwnd = find_window(title)
    if not hwnd:
        return {""success"": False, ""error"": f""未找到窗口: {title!r}""}
    
    actual_title = _get_window_title(hwnd)
    x, y, w, h = _get_window_rect(hwnd)
    
    return {
        ""success"": True,
        ""hwnd"": hwnd,
        ""title"": actual_title,
        ""class"": _get_class_name(hwnd),
        ""pid"": _get_process_id(hwnd),
        ""x"": x, ""y"": y,
        ""width"": w, ""height"": h,
        ""is_minimized"": bool(ctypes.windll.user32.IsIconic(hwnd)),
        ""is_maximized"": bool(ctypes.windll.user32.IsZoomed(hwnd)),
        ""is_visible"": bool(ctypes.windll.user32.IsWindowVisible(hwnd)),
    }


def move_window(title: str, x: int, y: int, width: int = 0, height: int = 0) -> dict:
    """"""移动/调整窗口大小。
    
    Args:
        title: 窗口标题
        x, y: 新位置
        width, height: 新尺寸（0 = 保持不变）
    """"""
    hwnd = find_window(title)
    if not hwnd:
        return {""success"": False, ""error"": f""未找到窗口: {title!r}""}
    
    if width == 0 or height == 0:
        _, _, cur_w, cur_h = _get_window_rect(hwnd)
        if width == 0:
            width = cur_w
        if height == 0:
            height = cur_h
    
    ctypes.windll.user32.MoveWindow(hwnd, x, y, width, height, True)
    
    return {
        ""success"": True,
        ""hwnd"": hwnd,
        ""x"": x, ""y"": y,
        ""width"": width, ""height"": height,
    }


def minimize_window(title: str) -> dict:
    """"""最小化窗口。""""""
    hwnd = find_window(title)
    if not hwnd:
        return {""success"": False, ""error"": f""未找到窗口: {title!r}""}
    ctypes.windll.user32.ShowWindow(hwnd, SW_MINIMIZE)
    return {""success"": True, ""hwnd"": hwnd}


def maximize_window(title: str) -> dict:
    """"""最大化窗口。""""""
    hwnd = find_window(title)
    if not hwnd:
        return {""success"": False, ""error"": f""未找到窗口: {title!r}""}
    ctypes.windll.user32.ShowWindow(hwnd, SW_MAXIMIZE)
    return {""success"": True, ""hwnd"": hwnd}


def get_foreground_window() -> dict:
    """"""获取当前前台窗口信息。""""""
    hwnd = ctypes.windll.user32.GetForegroundWindow()
    if not hwnd:
        return {""success"": False, ""error"": ""无前台窗口""}
    
    title = _get_window_title(hwnd)
    x, y, w, h = _get_window_rect(hwnd)
    
    return {
        ""success"": True,
        ""hwnd"": hwnd,
        ""title"": title,
        ""class"": _get_class_name(hwnd),
        ""x"": x, ""y"": y,
        ""width"": w, ""height"": h,
    }
"
"File:gui_monitor/core/screen.py","screen.py","gui_monitor/core/screen.py","""""""
屏幕截图模块 — v2 mss 高性能版

使用 mss 库进行截图，比 pyautogui.screenshot() 快 3-5 倍。
所有坐标均为物理坐标。
""""""

import io
import mss
import mss.tools
from PIL import Image

from ..utils.dpi import get_screen_size


def screenshot(
    region: tuple[int, int, int, int] | None = None,
    save_path: str | None = None,
    quality: int = 85,
    format: str = ""png"",
) -> bytes:
    """"""截取屏幕并返回图像字节流。
    
    Args:
        region: (x, y, width, height) 物理坐标区域，None 表示主屏全屏
        save_path: 可选，保存到文件路径
        quality: JPEG 压缩质量 (1-100)，仅 format=""jpeg"" 时有效
        format: 输出格式 ""png"" | ""jpeg""
    
    Returns:
        图像字节流（PNG 或 JPEG）
    """"""
    with mss.mss() as sct:
        if region:
            x, y, w, h = region
            monitor = {""left"": x, ""top"": y, ""width"": w, ""height"": h}
        else:
            # 主屏（monitors[1] 是主显示器，monitors[0] 是虚拟全屏）
            monitor = sct.monitors[1]
        
        raw = sct.grab(monitor)
        pil_img = Image.frombytes(""RGB"", raw.size, raw.bgra, ""raw"", ""BGRX"")
    
    # 编码参数
    fmt_upper = ""JPEG"" if format.lower() == ""jpeg"" else ""PNG""
    save_kwargs = {""quality"": quality} if fmt_upper == ""JPEG"" else {""optimize"": True}

    if save_path:
        # 保存到文件，然后读回字节（避免双重编码）
        pil_img.save(save_path, format=fmt_upper, **save_kwargs)
        with open(save_path, ""rb"") as f:
            return f.read()

    # 仅编码到内存
    buf = io.BytesIO()
    pil_img.save(buf, format=fmt_upper, **save_kwargs)
    return buf.getvalue()


def screenshot_window(
    hwnd: int,
    save_path: str | None = None,
    quality: int = 85,
    format: str = ""png"",
) -> bytes:
    """"""截取指定窗口。
    
    Args:
        hwnd: 窗口句柄
        save_path: 可选，保存到文件路径
        quality: JPEG 质量
        format: ""png"" | ""jpeg""
    
    Returns:
        图像字节流
    """"""
    import ctypes
    import ctypes.wintypes as wintypes
    
    # 获取窗口位置
    rect = wintypes.RECT()
    ctypes.windll.user32.GetWindowRect(hwnd, ctypes.byref(rect))
    
    region = (
        rect.left,
        rect.top,
        rect.right - rect.left,
        rect.bottom - rect.top,
    )
    return screenshot(region=region, save_path=save_path, quality=quality, format=format)


def get_screen_info() -> dict:
    """"""获取屏幕信息。
    
    Returns:
        包含屏幕尺寸和所有显示器信息的字典
    """"""
    w, h = get_screen_size()
    
    monitors = []
    with mss.mss() as sct:
        for i, mon in enumerate(sct.monitors):
            monitors.append({
                ""index"": i,
                ""left"": mon[""left""],
                ""top"": mon[""top""],
                ""width"": mon[""width""],
                ""height"": mon[""height""],
                ""is_primary"": i == 1,
                ""is_virtual"": i == 0,
            })
    
    return {
        ""primary_width"": w,
        ""primary_height"": h,
        ""monitors"": monitors,
    }
"
"File:gui_monitor/core/input.py","input.py","gui_monitor/core/input.py","""""""
鼠标键盘输入模块 — v2 Win32 API 版

直接使用 Win32 SendInput / SetCursorPos / keybd_event，
不依赖 pyautogui，精度更高。
""""""

import ctypes
import ctypes.wintypes as wintypes
import time

from ..utils.clipboard import set_clipboard_text

# ─── Win32 常量 ───────────────────────────────────────────

INPUT_MOUSE = 0
INPUT_KEYBOARD = 1

# mouse_event flags
MOUSEEVENTF_MOVE = 0x0001
MOUSEEVENTF_LEFTDOWN = 0x0002
MOUSEEVENTF_LEFTUP = 0x0004
MOUSEEVENTF_RIGHTDOWN = 0x0008
MOUSEEVENTF_RIGHTUP = 0x0010
MOUSEEVENTF_MIDDLEDOWN = 0x0020
MOUSEEVENTF_MIDDLEUP = 0x0040
MOUSEEVENTF_WHEEL = 0x0800
MOUSEEVENTF_ABSOLUTE = 0x8000

# keybd_event flags
KEYEVENTF_KEYUP = 0x0002
KEYEVENTF_UNICODE = 0x0004

# Virtual Key Codes（常用）
VK_MAP = {
    # 修饰键
    ""ctrl"": 0x11, ""control"": 0x11,
    ""alt"": 0x12, ""menu"": 0x12,
    ""shift"": 0x10,
    ""win"": 0x5B, ""lwin"": 0x5B, ""rwin"": 0x5C,
    # 功能键
    ""enter"": 0x0D, ""return"": 0x0D,
    ""tab"": 0x09,
    ""escape"": 0x1B, ""esc"": 0x1B,
    ""space"": 0x20,
    ""backspace"": 0x08, ""bs"": 0x08,
    ""delete"": 0x2E, ""del"": 0x2E,
    ""insert"": 0x2D, ""ins"": 0x2D,
    ""home"": 0x24,
    ""end"": 0x23,
    ""pageup"": 0x21, ""pgup"": 0x21,
    ""pagedown"": 0x22, ""pgdn"": 0x22,
    # 方向键
    ""up"": 0x26, ""down"": 0x28, ""left"": 0x25, ""right"": 0x27,
    # F 键
    ""f1"": 0x70, ""f2"": 0x71, ""f3"": 0x72, ""f4"": 0x73,
    ""f5"": 0x74, ""f6"": 0x75, ""f7"": 0x76, ""f8"": 0x77,
    ""f9"": 0x78, ""f10"": 0x79, ""f11"": 0x7A, ""f12"": 0x7B,
    # 其他
    ""capslock"": 0x14, ""numlock"": 0x90, ""scrolllock"": 0x91,
    ""printscreen"": 0x2C, ""prtsc"": 0x2C,
    ""apps"": 0x5D,  # 菜单键
}


# ─── SendInput 结构体（type_unicode 使用） ──────────────────

class _KEYBDINPUT(ctypes.Structure):
    _fields_ = [
        (""wVk"", wintypes.WORD),
        (""wScan"", wintypes.WORD),
        (""dwFlags"", wintypes.DWORD),
        (""time"", wintypes.DWORD),
        (""dwExtraInfo"", ctypes.POINTER(ctypes.c_ulong)),
    ]

class _INPUT_UNION(ctypes.Union):
    _fields_ = [(""ki"", _KEYBDINPUT)]

class _INPUT(ctypes.Structure):
    _fields_ = [
        (""type"", wintypes.DWORD),
        (""_input"", _INPUT_UNION),
    ]

def _get_vk(key: str) -> int:
    """"""将按键名转换为 Virtual Key Code。""""""
    key_lower = key.lower().strip()
    
    # 查表
    if key_lower in VK_MAP:
        return VK_MAP[key_lower]
    
    # 单字符 → VkKeyScan
    if len(key) == 1:
        vk = ctypes.windll.user32.VkKeyScanW(ord(key))
        if vk != -1:
            return vk & 0xFF
    
    raise ValueError(f""未知按键: {key!r}"")


# ─── 鼠标操作 ──────────────────────────────────────────────

def click(x: int, y: int, button: str = ""left"", clicks: int = 1, interval: float = 0.05):
    """"""点击指定位置（物理坐标）。
    
    Args:
        x, y: 物理屏幕坐标
        button: ""left"" | ""right"" | ""middle""
        clicks: 点击次数（2 = 双击）
        interval: 多次点击间隔（秒）
    """"""
    # 先移动光标
    ctypes.windll.user32.SetCursorPos(x, y)
    time.sleep(0.02)  # 等待光标到位
    
    # 按钮事件映射
    if button == ""right"":
        down, up = MOUSEEVENTF_RIGHTDOWN, MOUSEEVENTF_RIGHTUP
    elif button == ""middle"":
        down, up = MOUSEEVENTF_MIDDLEDOWN, MOUSEEVENTF_MIDDLEUP
    else:
        down, up = MOUSEEVENTF_LEFTDOWN, MOUSEEVENTF_LEFTUP
    
    for i in range(clicks):
        ctypes.windll.user32.mouse_event(down, 0, 0, 0, 0)
        time.sleep(0.01)
        ctypes.windll.user32.mouse_event(up, 0, 0, 0, 0)
        if i < clicks - 1:
            time.sleep(interval)


def move(x: int, y: int, duration: float = 0):
    """"""移动鼠标到指定位置。
    
    Args:
        x, y: 目标物理坐标
        duration: 移动耗时（秒），0 = 瞬移
    """"""
    if duration <= 0:
        ctypes.windll.user32.SetCursorPos(x, y)
        return
    
    # 平滑移动
    from ..utils.dpi import get_cursor_pos
    start_x, start_y = get_cursor_pos()
    
    steps = max(int(duration * 60), 5)  # 60 FPS
    for i in range(1, steps + 1):
        t = i / steps
        # 缓动函数（ease-out）
        t = 1 - (1 - t) ** 2
        cur_x = int(start_x + (x - start_x) * t)
        cur_y = int(start_y + (y - start_y) * t)
        ctypes.windll.user32.SetCursorPos(cur_x, cur_y)
        time.sleep(duration / steps)


def drag(
    start_x: int, start_y: int,
    end_x: int, end_y: int,
    duration: float = 0.5,
    button: str = ""left"",
):
    """"""拖拽操作。
    
    Args:
        start_x, start_y: 起始物理坐标
        end_x, end_y: 终点物理坐标
        duration: 拖拽耗时（秒）
        button: ""left"" | ""right"" | ""middle""
    """"""
    if button == ""right"":
        down, up = MOUSEEVENTF_RIGHTDOWN, MOUSEEVENTF_RIGHTUP
    elif button == ""middle"":
        down, up = MOUSEEVENTF_MIDDLEDOWN, MOUSEEVENTF_MIDDLEUP
    else:
        down, up = MOUSEEVENTF_LEFTDOWN, MOUSEEVENTF_LEFTUP
    
    # 移到起点
    ctypes.windll.user32.SetCursorPos(start_x, start_y)
    time.sleep(0.05)
    
    # 按下
    ctypes.windll.user32.mouse_event(down, 0, 0, 0, 0)
    time.sleep(0.05)
    
    # 平滑移动到终点
    steps = max(int(duration * 60), 10)
    for i in range(1, steps + 1):
        t = i / steps
        cur_x = int(start_x + (end_x - start_x) * t)
        cur_y = int(start_y + (end_y - start_y) * t)
        ctypes.windll.user32.SetCursorPos(cur_x, cur_y)
        time.sleep(duration / steps)
    
    time.sleep(0.05)
    # 松开
    ctypes.windll.user32.mouse_event(up, 0, 0, 0, 0)


def scroll(amount: int, x: int | None = None, y: int | None = None):
    """"""滚轮滚动。
    
    Args:
        amount: 正数向上，负数向下（每次 120 单位 = 一个缺口）
        x, y: 可选，先移动到此位置再滚动
    """"""
    if x is not None and y is not None:
        ctypes.windll.user32.SetCursorPos(x, y)
        time.sleep(0.02)
    
    # WHEEL_DELTA = 120
    ctypes.windll.user32.mouse_event(MOUSEEVENTF_WHEEL, 0, 0, amount * 120, 0)


# ─── 键盘操作 ──────────────────────────────────────────────

def key_press(key: str, presses: int = 1, interval: float = 0.05):
    """"""按下并释放按键。
    
    Args:
        key: 按键名（如 ""enter"", ""tab"", ""a"", ""f5""）
        presses: 按键次数
        interval: 多次按键间隔
    """"""
    vk = _get_vk(key)
    for i in range(presses):
        ctypes.windll.user32.keybd_event(vk, 0, 0, 0)
        time.sleep(0.01)
        ctypes.windll.user32.keybd_event(vk, 0, KEYEVENTF_KEYUP, 0)
        if i < presses - 1:
            time.sleep(interval)


def hotkey(*keys: str):
    """"""组合键（如 hotkey(""ctrl"", ""c"")）。
    
    Args:
        keys: 按键名序列，前面的先按下，后面的后按下，释放顺序反转
    """"""
    vks = [_get_vk(k) for k in keys]
    
    # 按下（正序）
    for vk in vks:
        ctypes.windll.user32.keybd_event(vk, 0, 0, 0)
        time.sleep(0.02)
    
    time.sleep(0.05)
    
    # 释放（逆序）
    for vk in reversed(vks):
        ctypes.windll.user32.keybd_event(vk, 0, KEYEVENTF_KEYUP, 0)
        time.sleep(0.02)


def type_text(text: str, use_clipboard: bool = True, interval: float = 0):
    """"""输入文本。
    
    Args:
        text: 要输入的文本（支持中文）
        use_clipboard: True = 通过剪贴板粘贴（支持中文），False = 逐字符按键（仅 ASCII）
        interval: 逐字符模式的按键间隔
    """"""
    if use_clipboard:
        # 剪贴板方式：支持任意字符（中文、emoji 等）
        set_clipboard_text(text)
        time.sleep(0.05)
        hotkey(""ctrl"", ""v"")
        time.sleep(0.05)
    else:
        # 逐字符方式：仅支持 ASCII
        for ch in text:
            try:
                vk_result = ctypes.windll.user32.VkKeyScanW(ord(ch))
                if vk_result == -1:
                    continue
                vk = vk_result & 0xFF
                shift = bool(vk_result & 0x100)
                
                if shift:
                    ctypes.windll.user32.keybd_event(0x10, 0, 0, 0)  # SHIFT down
                
                ctypes.windll.user32.keybd_event(vk, 0, 0, 0)
                time.sleep(0.01)
                ctypes.windll.user32.keybd_event(vk, 0, KEYEVENTF_KEYUP, 0)
                
                if shift:
                    ctypes.windll.user32.keybd_event(0x10, 0, KEYEVENTF_KEYUP, 0)
                
                if interval > 0:
                    time.sleep(interval)
            except Exception:
                continue


def type_unicode(text: str, interval: float = 0.05):
    """"""通过 SendInput + KEYEVENTF_UNICODE 直接注入 Unicode 字符。
    
    适用于支持 WM_CHAR 的标准控件。对于 Qt 控件（如微信）可能无效，
    此时应使用 type_pinyin 或 type_text (clipboard)。
    
    Args:
        text: 要输入的文本（支持任意 Unicode）
        interval: 字符间隔（秒）
    """"""
    for ch in text:
        inputs = (_INPUT * 2)()
        # Key down
        inputs[0].type = INPUT_KEYBOARD
        inputs[0]._input.ki.wScan = ord(ch)
        inputs[0]._input.ki.dwFlags = KEYEVENTF_UNICODE
        # Key up
        inputs[1].type = INPUT_KEYBOARD
        inputs[1]._input.ki.wScan = ord(ch)
        inputs[1]._input.ki.dwFlags = KEYEVENTF_UNICODE | KEYEVENTF_KEYUP

        ctypes.windll.user32.SendInput(2, ctypes.byref(inputs), ctypes.sizeof(_INPUT))
        if interval > 0:
            time.sleep(interval)


def type_pinyin(text: str, char_interval: float = 0.08, confirm_delay: float = 0.5):
    """"""通过系统拼音输入法输入中文。
    
    将中文文本转换为拼音，逐字母键入触发系统 IME，然后按空格确认候选字。
    这是微信搜索框等 Qt 控件中输入中文的最可靠方式。
    
    需要系统输入法处于中文拼音模式。
    
    Args:
        text: 中文文本
        char_interval: 拼音字母间隔（秒）
        confirm_delay: 输入完成后等待 IME 候选的时间（秒）
    """"""
    try:
        from pypinyin import pinyin, Style
    except ImportError:
        raise ImportError(
            ""type_pinyin 需要 pypinyin 库。请运行: pip install pypinyin""
        )

    # 将中文转为拼音（不带音调）
    py_list = pinyin(text, style=Style.NORMAL)
    full_pinyin = """".join(p[0] for p in py_list)

    # 逐字母按键
    for ch in full_pinyin:
        vk = ctypes.windll.user32.VkKeyScanW(ord(ch)) & 0xFF
        ctypes.windll.user32.keybd_event(vk, 0, 0, 0)
        time.sleep(0.02)
        ctypes.windll.user32.keybd_event(vk, 0, KEYEVENTF_KEYUP, 0)
        time.sleep(char_interval)

    # 等候选出现
    time.sleep(confirm_delay)

    # 按空格确认第一个候选
    ctypes.windll.user32.keybd_event(0x20, 0, 0, 0)
    time.sleep(0.02)
    ctypes.windll.user32.keybd_event(0x20, 0, KEYEVENTF_KEYUP, 0)
"
