id,name,filePath,startLine,endLine,content,description
"Variable:gui_monitor/__main__.py:project_root","project_root","gui_monitor/__main__.py",16,16,"    from pathlib import Path

    project_root = Path(__file__).parent.parent
    dirs = [
        project_root / ""screenshots_debug"",",""
"Variable:gui_monitor/__main__.py:dirs","dirs","gui_monitor/__main__.py",17,20,"
    project_root = Path(__file__).parent.parent
    dirs = [
        project_root / ""screenshots_debug"",
        project_root / ""chat_agent_data"" / ""screenshots"",
    ]

    now = time.time()",""
"Variable:gui_monitor/__main__.py:now","now","gui_monitor/__main__.py",22,22,"    ]

    now = time.time()
    for d in dirs:
        if not d.exists():",""
"Variable:gui_monitor/__init__.py:__version__","__version__","gui_monitor/__init__.py",5,5,"# 用法: python -m gui_monitor --help

__version__ = ""2.1.0""
",""
"Variable:gui_monitor/server.py:content_len","content_len","gui_monitor/server.py",34,34,"    
    def _read_body(self) -> dict:
        content_len = int(self.headers.get(""Content-Length"", 0))
        if content_len == 0:
            return {}",""
"Variable:gui_monitor/server.py:body","body","gui_monitor/server.py",37,37,"        if content_len == 0:
            return {}
        body = self.rfile.read(content_len)
        return json.loads(body) if body else {}
    ",""
"Variable:gui_monitor/server.py:path","path","gui_monitor/server.py",61,61,"    
    def _handle_get(self):
        path = self.path.split(""?"")[0]  # 去掉查询参数
        
        if path == ""/info"":",""
"Variable:gui_monitor/server.py:img_bytes","img_bytes","gui_monitor/server.py",72,72,"        
        elif path == ""/screenshot"":
            img_bytes = screen.screenshot(format=""jpeg"", quality=85)
            self.send_response(200)
            self.send_header(""Content-Type"", ""image/jpeg"")",""
"Variable:gui_monitor/server.py:windows","windows","gui_monitor/server.py",85,85,"        
        elif path == ""/windows"":
            windows = window.list_windows()
            self._send_json({""windows"": windows, ""count"": len(windows)})
        ",""
"Variable:gui_monitor/server.py:data","data","gui_monitor/server.py",112,112,"    def _handle_post(self):
        path = self.path.split(""?"")[0]
        data = self._read_body()
        
        if path == ""/click"":",""
"Variable:gui_monitor/server.py:x","x","gui_monitor/server.py",115,115,"        
        if path == ""/click"":
            x = data.get(""x"", 0)
            y = data.get(""y"", 0)
            button = data.get(""button"", ""left"")",""
"Variable:gui_monitor/server.py:y","y","gui_monitor/server.py",116,116,"        if path == ""/click"":
            x = data.get(""x"", 0)
            y = data.get(""y"", 0)
            button = data.get(""button"", ""left"")
            clicks = data.get(""clicks"", 1)",""
"Variable:gui_monitor/server.py:button","button","gui_monitor/server.py",117,117,"            x = data.get(""x"", 0)
            y = data.get(""y"", 0)
            button = data.get(""button"", ""left"")
            clicks = data.get(""clicks"", 1)
            delay = data.get(""delay"", 0)",""
"Variable:gui_monitor/server.py:clicks","clicks","gui_monitor/server.py",118,118,"            y = data.get(""y"", 0)
            button = data.get(""button"", ""left"")
            clicks = data.get(""clicks"", 1)
            delay = data.get(""delay"", 0)
            ",""
"Variable:gui_monitor/server.py:delay","delay","gui_monitor/server.py",119,119,"            button = data.get(""button"", ""left"")
            clicks = data.get(""clicks"", 1)
            delay = data.get(""delay"", 0)
            
            if delay > 0:",""
"Variable:gui_monitor/server.py:duration","duration","gui_monitor/server.py",130,130,"            x = data.get(""x"", 0)
            y = data.get(""y"", 0)
            duration = data.get(""duration"", 0)
            
            inp.move(x, y, duration=duration)",""
"Variable:gui_monitor/server.py:amount","amount","gui_monitor/server.py",144,144,"        
        elif path == ""/scroll"":
            amount = data.get(""amount"", -3)
            x = data.get(""x"")
            y = data.get(""y"")",""
"Variable:gui_monitor/server.py:key","key","gui_monitor/server.py",151,151,"        
        elif path == ""/key"":
            key = data.get(""key"", """")
            presses = data.get(""presses"", 1)
            inp.key_press(key, presses=presses)",""
"Variable:gui_monitor/server.py:presses","presses","gui_monitor/server.py",152,152,"        elif path == ""/key"":
            key = data.get(""key"", """")
            presses = data.get(""presses"", 1)
            inp.key_press(key, presses=presses)
            self._send_json({""success"": True, ""key"": key})",""
"Variable:gui_monitor/server.py:text","text","gui_monitor/server.py",157,157,"        
        elif path == ""/type"" or path == ""/typewrite"":
            text = data.get(""text"", """")
            use_clipboard = data.get(""use_clipboard"", True)
            inp.type_text(text, use_clipboard=use_clipboard)",""
"Variable:gui_monitor/server.py:use_clipboard","use_clipboard","gui_monitor/server.py",158,158,"        elif path == ""/type"" or path == ""/typewrite"":
            text = data.get(""text"", """")
            use_clipboard = data.get(""use_clipboard"", True)
            inp.type_text(text, use_clipboard=use_clipboard)
            self._send_json({""success"": True, ""text"": text})",""
"Variable:gui_monitor/server.py:keys","keys","gui_monitor/server.py",163,163,"        
        elif path == ""/hotkey"":
            keys = data.get(""keys"", [])
            inp.hotkey(*keys)
            self._send_json({""success"": True, ""keys"": keys})",""
"Variable:gui_monitor/server.py:title","title","gui_monitor/server.py",168,168,"        
        elif path == ""/focus"":
            title = data.get(""title"", """")
            result = window.focus_window(title)
            self._send_json(result)",""
"Variable:gui_monitor/server.py:result","result","gui_monitor/server.py",169,169,"        elif path == ""/focus"":
            title = data.get(""title"", """")
            result = window.focus_window(title)
            self._send_json(result)
        ",""
"Variable:gui_monitor/server.py:region","region","gui_monitor/server.py",173,173,"        
        elif path == ""/screenshot"":
            region = data.get(""region"")  # [x, y, w, h]
            fmt = data.get(""format"", ""jpeg"")
            quality = data.get(""quality"", 85)",""
"Variable:gui_monitor/server.py:fmt","fmt","gui_monitor/server.py",174,174,"        elif path == ""/screenshot"":
            region = data.get(""region"")  # [x, y, w, h]
            fmt = data.get(""format"", ""jpeg"")
            quality = data.get(""quality"", 85)
            save_path = data.get(""save_path"")",""
"Variable:gui_monitor/server.py:quality","quality","gui_monitor/server.py",175,175,"            region = data.get(""region"")  # [x, y, w, h]
            fmt = data.get(""format"", ""jpeg"")
            quality = data.get(""quality"", 85)
            save_path = data.get(""save_path"")
            ",""
"Variable:gui_monitor/server.py:save_path","save_path","gui_monitor/server.py",176,176,"            fmt = data.get(""format"", ""jpeg"")
            quality = data.get(""quality"", 85)
            save_path = data.get(""save_path"")
            
            r = tuple(region) if region else None",""
"Variable:gui_monitor/server.py:r","r","gui_monitor/server.py",178,178,"            save_path = data.get(""save_path"")
            
            r = tuple(region) if region else None
            img_bytes = screen.screenshot(region=r, save_path=save_path, quality=quality, format=fmt)
            ",""
"Variable:gui_monitor/server.py:content_type","content_type","gui_monitor/server.py",189,189,"                })
            else:
                content_type = ""image/jpeg"" if fmt == ""jpeg"" else ""image/png""
                self.send_response(200)
                self.send_header(""Content-Type"", content_type)",""
"Variable:gui_monitor/server.py:server","server","gui_monitor/server.py",208,208,"def start_server(host: str = ""127.0.0.1"", port: int = 8765):
    """"""启动 HTTP API 服务。""""""
    server = ThreadingHTTPServer((host, port), APIHandler)
    
    w, h = get_screen_size()",""
"Variable:gui_monitor/cli.py:parts","parts","gui_monitor/cli.py",32,32,"def _parse_region(s: str) -> tuple[int, int, int, int]:
    """"""解析区域字符串 ""x,y,w,h"" 。""""""
    parts = s.split("","")
    if len(parts) != 4:
        raise argparse.ArgumentTypeError(f""区域格式错误，应为 x,y,width,height: {s!r}"")",""
"Variable:gui_monitor/cli.py:debug_dir","debug_dir","gui_monitor/cli.py",46,46,"    # 如果 --save 是裸文件名（无目录），自动放到 screenshots_debug/
    if args.save and os.path.dirname(args.save) == """":
        debug_dir = Path(__file__).parent.parent / ""screenshots_debug""
        debug_dir.mkdir(exist_ok=True)
        args.save = str(debug_dir / args.save)",""
"Variable:gui_monitor/cli.py:region","region","gui_monitor/cli.py",50,50,"        args.save = str(debug_dir / args.save)

    region = None
    
    if args.region:",""
"Variable:gui_monitor/cli.py:hwnd","hwnd","gui_monitor/cli.py",55,55,"        region = _parse_region(args.region)
    elif args.window:
        hwnd = find_window(args.window)
        if not hwnd:
            print(json.dumps({""error"": f""未找到窗口: {args.window!r}""}, ensure_ascii=False))",""
"Variable:gui_monitor/cli.py:data","data","gui_monitor/cli.py",60,60,"            return 1
        # 截窗口
        data = screenshot_window(hwnd, save_path=args.save, quality=args.quality, format=args.format)
        if args.save:
            result = {""success"": True, ""path"": os.path.abspath(args.save), ""size"": len(data)}",""
"Variable:gui_monitor/cli.py:result","result","gui_monitor/cli.py",62,62,"        data = screenshot_window(hwnd, save_path=args.save, quality=args.quality, format=args.format)
        if args.save:
            result = {""success"": True, ""path"": os.path.abspath(args.save), ""size"": len(data)}
            print(json.dumps(result, ensure_ascii=False))
        elif args.base64:",""
"Variable:gui_monitor/cli.py:button","button","gui_monitor/cli.py",91,91,"    from .core.input import click
    
    button = ""right"" if args.right else (""middle"" if args.middle else ""left"")
    clicks = 2 if args.double else args.clicks
    ",""
"Variable:gui_monitor/cli.py:clicks","clicks","gui_monitor/cli.py",92,92,"    
    button = ""right"" if args.right else (""middle"" if args.middle else ""left"")
    clicks = 2 if args.double else args.clicks
    
    click(args.x, args.y, button=button, clicks=clicks)",""
"Variable:gui_monitor/cli.py:x","x","gui_monitor/cli.py",127,127,"    from .core.input import scroll
    
    x = args.x if args.x is not None else None
    y = args.y if args.y is not None else None
    scroll(args.amount, x=x, y=y)",""
"Variable:gui_monitor/cli.py:y","y","gui_monitor/cli.py",128,128,"    
    x = args.x if args.x is not None else None
    y = args.y if args.y is not None else None
    scroll(args.amount, x=x, y=y)
    ",""
"Variable:gui_monitor/cli.py:text","text","gui_monitor/cli.py",140,140,"    from .core.input import type_text
    
    text = "" "".join(args.text)
    type_text(text, use_clipboard=not args.ascii_mode)
    ",""
"Variable:gui_monitor/cli.py:windows","windows","gui_monitor/cli.py",174,174,"    from .core.window import list_windows
    
    windows = list_windows(include_all=args.all)
    
    if args.json:",""
"Variable:gui_monitor/cli.py:pos","pos","gui_monitor/cli.py",183,183,"        print(""-"" * 80)
        for w in windows:
            pos = f""({w['x']},{w['y']}) {w['width']}x{w['height']}""
            print(f""{w['hwnd']:<10} {w['pid']:<8} {pos:<20} {w['title']}"")
        print(f""\n共 {len(windows)} 个窗口"")",""
"Variable:gui_monitor/cli.py:screen","screen","gui_monitor/cli.py",222,222,"    from .utils.dpi import get_dpi_scale, get_screen_size
    
    screen = get_screen_info()
    screen[""dpi_scale""] = get_dpi_scale()
    ",""
"Variable:gui_monitor/cli.py:api_key","api_key","gui_monitor/cli.py",251,251,"    from .chat_agent import monitor_loop

    api_key = args.api_key or os.environ.get(""OPENAI_API_KEY"")
    if not api_key:
        print(json.dumps({",""
"Variable:gui_monitor/cli.py:parser","parser","gui_monitor/cli.py",313,318,"def build_parser() -> argparse.ArgumentParser:
    """"""构建命令行参数解析器。""""""
    parser = argparse.ArgumentParser(
        prog=""gui_monitor"",
        description=""GUI Monitor — 电脑自动化 CLI 工具"",
        formatter_class=argparse.RawDescriptionHelpFormatter,
        epilog=__doc__,
    )
    parser.add_argument(
        ""--version"", action=""version"",",""
"Variable:gui_monitor/cli.py:subparsers","subparsers","gui_monitor/cli.py",324,324,"    )
    
    subparsers = parser.add_subparsers(dest=""command"", help=""可用命令"")
    
    # ─── screenshot ─────────────────────────────────",""
"Variable:gui_monitor/cli.py:p","p","gui_monitor/cli.py",327,327,"    
    # ─── screenshot ─────────────────────────────────
    p = subparsers.add_parser(""screenshot"", aliases=[""ss""], help=""截取屏幕"")
    p.add_argument(""--region"", ""-r"", help=""区域 x,y,width,height"")
    p.add_argument(""--window"", ""-w"", help=""按窗口标题截图"")",""
"Variable:gui_monitor/cli.py:args","args","gui_monitor/cli.py",454,454,"    """"""CLI 入口。""""""
    parser = build_parser()
    args = parser.parse_args()
    
    if not args.command:",""
"Variable:gui_monitor/cli.py:error","error","gui_monitor/cli.py",465,465,"        return 130
    except Exception as e:
        error = {""error"": str(e), ""type"": type(e).__name__}
        print(json.dumps(error, ensure_ascii=False), file=sys.stderr)
        return 1",""
"Variable:gui_monitor/chat_agent.py:_MODULE_DIR","_MODULE_DIR","gui_monitor/chat_agent.py",29,29,"
# 数据目录放在项目根目录下
_MODULE_DIR = Path(__file__).parent        # gui_monitor/
_PROJECT_ROOT = _MODULE_DIR.parent         # GUI电脑app自动化/
DATA_DIR = _PROJECT_ROOT / ""chat_agent_data""",""
"Variable:gui_monitor/chat_agent.py:_PROJECT_ROOT","_PROJECT_ROOT","gui_monitor/chat_agent.py",30,30,"# 数据目录放在项目根目录下
_MODULE_DIR = Path(__file__).parent        # gui_monitor/
_PROJECT_ROOT = _MODULE_DIR.parent         # GUI电脑app自动化/
DATA_DIR = _PROJECT_ROOT / ""chat_agent_data""
LOG_DIR = DATA_DIR / ""logs""",""
"Variable:gui_monitor/chat_agent.py:DATA_DIR","DATA_DIR","gui_monitor/chat_agent.py",31,31,"_MODULE_DIR = Path(__file__).parent        # gui_monitor/
_PROJECT_ROOT = _MODULE_DIR.parent         # GUI电脑app自动化/
DATA_DIR = _PROJECT_ROOT / ""chat_agent_data""
LOG_DIR = DATA_DIR / ""logs""
SCREENSHOT_DIR = DATA_DIR / ""screenshots""",""
"Variable:gui_monitor/chat_agent.py:LOG_DIR","LOG_DIR","gui_monitor/chat_agent.py",32,32,"_PROJECT_ROOT = _MODULE_DIR.parent         # GUI电脑app自动化/
DATA_DIR = _PROJECT_ROOT / ""chat_agent_data""
LOG_DIR = DATA_DIR / ""logs""
SCREENSHOT_DIR = DATA_DIR / ""screenshots""
HISTORY_DIR = DATA_DIR / ""history""",""
"Variable:gui_monitor/chat_agent.py:SCREENSHOT_DIR","SCREENSHOT_DIR","gui_monitor/chat_agent.py",33,33,"DATA_DIR = _PROJECT_ROOT / ""chat_agent_data""
LOG_DIR = DATA_DIR / ""logs""
SCREENSHOT_DIR = DATA_DIR / ""screenshots""
HISTORY_DIR = DATA_DIR / ""history""
STYLE_FILE = DATA_DIR / ""style_profile.yaml""",""
"Variable:gui_monitor/chat_agent.py:HISTORY_DIR","HISTORY_DIR","gui_monitor/chat_agent.py",34,34,"LOG_DIR = DATA_DIR / ""logs""
SCREENSHOT_DIR = DATA_DIR / ""screenshots""
HISTORY_DIR = DATA_DIR / ""history""
STYLE_FILE = DATA_DIR / ""style_profile.yaml""
",""
"Variable:gui_monitor/chat_agent.py:STYLE_FILE","STYLE_FILE","gui_monitor/chat_agent.py",35,35,"SCREENSHOT_DIR = DATA_DIR / ""screenshots""
HISTORY_DIR = DATA_DIR / ""history""
STYLE_FILE = DATA_DIR / ""style_profile.yaml""

# 微信发送快捷键",""
"Variable:gui_monitor/chat_agent.py:WECHAT_SEND_KEYS","WECHAT_SEND_KEYS","gui_monitor/chat_agent.py",38,38,"
# 微信发送快捷键
WECHAT_SEND_KEYS = [""alt"", ""s""]

",""
"Variable:gui_monitor/chat_agent.py:log_file","log_file","gui_monitor/chat_agent.py",69,69,"    """"""记录消息日志。""""""
    LOG_DIR.mkdir(parents=True, exist_ok=True)
    log_file = LOG_DIR / f""{datetime.now():%Y-%m-%d}.log""
    timestamp = datetime.now().strftime(""%H:%M:%S"")
    line = f""[{timestamp}] [{contact}] [{direction}] {content}\n""",""
"Variable:gui_monitor/chat_agent.py:timestamp","timestamp","gui_monitor/chat_agent.py",70,70,"    LOG_DIR.mkdir(parents=True, exist_ok=True)
    log_file = LOG_DIR / f""{datetime.now():%Y-%m-%d}.log""
    timestamp = datetime.now().strftime(""%H:%M:%S"")
    line = f""[{timestamp}] [{contact}] [{direction}] {content}\n""
",""
"Variable:gui_monitor/chat_agent.py:line","line","gui_monitor/chat_agent.py",71,71,"    log_file = LOG_DIR / f""{datetime.now():%Y-%m-%d}.log""
    timestamp = datetime.now().strftime(""%H:%M:%S"")
    line = f""[{timestamp}] [{contact}] [{direction}] {content}\n""

    with open(log_file, ""a"", encoding=""utf-8"") as f:",""
"Variable:gui_monitor/chat_agent.py:path","path","gui_monitor/chat_agent.py",81,81,"def load_style_profile(style_path: Path | None = None) -> dict:
    """"""加载风格配置。""""""
    path = style_path or STYLE_FILE
    if not path.exists():
        return {}",""
"Variable:gui_monitor/chat_agent.py:data","data","gui_monitor/chat_agent.py",87,87,"        import yaml
        with open(path, ""r"", encoding=""utf-8"") as f:
            data = yaml.safe_load(f)
            return data.get(""style_profile"", data) if data else {}
    except ImportError:",""
"Variable:gui_monitor/chat_agent.py:result","result","gui_monitor/chat_agent.py",114,114,"    # 1. 聚焦微信
    print(f""   正在搜索联系人: {contact}"")
    result = focus_window(""微信"")
    if not result.get(""success""):
        print(f""  ❌ 无法聚焦微信窗口"", file=sys.stderr)",""
"Variable:gui_monitor/chat_agent.py:region","region","gui_monitor/chat_agent.py",158,158,"
    try:
        region = (result[""x""], result[""y""], result[""width""], result[""height""])
        data = screenshot(region=region, save_path=save_path)
        return bool(data)",""
"Variable:gui_monitor/chat_agent.py:client","client","gui_monitor/chat_agent.py",191,191,"        return {""has_new_message"": False, ""confidence"": 0}

    client = OpenAI(api_key=api_key)
    b64_image = image_to_base64(image_path)
",""
"Variable:gui_monitor/chat_agent.py:b64_image","b64_image","gui_monitor/chat_agent.py",192,192,"
    client = OpenAI(api_key=api_key)
    b64_image = image_to_base64(image_path)

    # 构建风格提示",""
"Variable:gui_monitor/chat_agent.py:style_prompt","style_prompt","gui_monitor/chat_agent.py",195,195,"
    # 构建风格提示
    style_prompt = """"
    if style_profile:
        style_prompt = f""""""",""
"Variable:gui_monitor/chat_agent.py:messages","messages","gui_monitor/chat_agent.py",212,249,"            style_prompt += f""  用户回复：{ex.get('replied', '')}\n""

    messages = [
        {
            ""role"": ""system"",
            ""content"": f""""""你是一个聊天截图分析助手。分析微信聊天截图并返回 JSON。

任务：
1. 识别截图中的聊天内容
2. 判断最新一条消息是对方发的还是用户发的
3. 如果最新消息来自对方（联系人：{contact}），生成一条合适的回复

{style_prompt}

严格返回以下 JSON 格式（不要加 markdown 标记）：
{{
    ""has_new_message"": true/false,
    ""last_message_from"": ""contact"" 或 ""me"",
    ""last_message_text"": ""最新消息的内容"",
    ""suggested_reply"": ""建议的回复内容（仅当需要回复时）"",
    ""confidence"": 0.0-1.0
}}

如果无法识别内容，设 confidence 为 0 且 has_new_message 为 false。
不要回复涉及金钱、密码、隐私的消息，此时 suggested_reply 设为 null。""""""
        },
        {
            ""role"": ""user"",
            ""content"": [
                {""type"": ""text"", ""text"": f""分析这张微信聊天截图。联系人是 {contact}。""},
                {
                    ""type"": ""image_url"",
                    ""image_url"": {
                        ""url"": f""data:image/png;base64,{b64_image}"",
                        ""detail"": ""high"",
                    },
                },
            ],
        },
    ]

    response = client.chat.completions.create(",""
"Variable:gui_monitor/chat_agent.py:response","response","gui_monitor/chat_agent.py",251,256,"    ]

    response = client.chat.completions.create(
        model=""gpt-4o"",
        messages=messages,
        max_tokens=500,
        temperature=0.7,
    )

    reply_text = response.choices[0].message.content.strip()",""
"Variable:gui_monitor/chat_agent.py:reply_text","reply_text","gui_monitor/chat_agent.py",258,258,"    )

    reply_text = response.choices[0].message.content.strip()

    # 清理可能的 markdown 包裹",""
"Variable:gui_monitor/chat_agent.py:sp","sp","gui_monitor/chat_agent.py",320,320,"
    # 加载风格
    sp = Path(style_path) if style_path else None
    style_profile = load_style_profile(sp)
    if style_profile:",""
"Variable:gui_monitor/chat_agent.py:style_profile","style_profile","gui_monitor/chat_agent.py",321,321,"    # 加载风格
    sp = Path(style_path) if style_path else None
    style_profile = load_style_profile(sp)
    if style_profile:
        print(f""  ✅ 已加载风格配置"")",""
"Variable:gui_monitor/chat_agent.py:last_hash","last_hash","gui_monitor/chat_agent.py",336,336,"    print(f""   按 Ctrl+C 停止\n"")

    last_hash = """"
    reply_count = 0
    minute_start = time.time()",""
"Variable:gui_monitor/chat_agent.py:reply_count","reply_count","gui_monitor/chat_agent.py",337,337,"
    last_hash = """"
    reply_count = 0
    minute_start = time.time()
",""
"Variable:gui_monitor/chat_agent.py:minute_start","minute_start","gui_monitor/chat_agent.py",338,338,"    last_hash = """"
    reply_count = 0
    minute_start = time.time()

    try:",""
"Variable:gui_monitor/chat_agent.py:ss_path","ss_path","gui_monitor/chat_agent.py",348,348,"
            # 截图
            ss_path = str(SCREENSHOT_DIR / ""current.png"")
            from .core.window import focus_window
            focus_window(""微信"")",""
"Variable:gui_monitor/chat_agent.py:current_hash","current_hash","gui_monitor/chat_agent.py",359,359,"
            # 快速判断画面是否变化
            current_hash = image_hash(ss_path)
            if current_hash == last_hash:
                time.sleep(interval)",""
"Variable:gui_monitor/chat_agent.py:analysis","analysis","gui_monitor/chat_agent.py",368,368,"
            # AI 分析
            analysis = analyze_screenshot(ss_path, style_profile, contact, api_key)

            has_new = analysis.get(""has_new_message"", False)",""
"Variable:gui_monitor/chat_agent.py:has_new","has_new","gui_monitor/chat_agent.py",370,370,"            analysis = analyze_screenshot(ss_path, style_profile, contact, api_key)

            has_new = analysis.get(""has_new_message"", False)
            from_who = analysis.get(""last_message_from"", """")
            last_msg = analysis.get(""last_message_text"", """")",""
"Variable:gui_monitor/chat_agent.py:from_who","from_who","gui_monitor/chat_agent.py",371,371,"
            has_new = analysis.get(""has_new_message"", False)
            from_who = analysis.get(""last_message_from"", """")
            last_msg = analysis.get(""last_message_text"", """")
            reply = analysis.get(""suggested_reply"")",""
"Variable:gui_monitor/chat_agent.py:last_msg","last_msg","gui_monitor/chat_agent.py",372,372,"            has_new = analysis.get(""has_new_message"", False)
            from_who = analysis.get(""last_message_from"", """")
            last_msg = analysis.get(""last_message_text"", """")
            reply = analysis.get(""suggested_reply"")
            confidence = analysis.get(""confidence"", 0)",""
"Variable:gui_monitor/chat_agent.py:reply","reply","gui_monitor/chat_agent.py",373,373,"            from_who = analysis.get(""last_message_from"", """")
            last_msg = analysis.get(""last_message_text"", """")
            reply = analysis.get(""suggested_reply"")
            confidence = analysis.get(""confidence"", 0)
",""
"Variable:gui_monitor/chat_agent.py:confidence","confidence","gui_monitor/chat_agent.py",374,374,"            last_msg = analysis.get(""last_message_text"", """")
            reply = analysis.get(""suggested_reply"")
            confidence = analysis.get(""confidence"", 0)

            print(f""   新消息: {has_new} | 来自: {from_who} | 置信度: {confidence}"")",""
"Variable:gui_monitor/chat_agent.py:confirm","confirm","gui_monitor/chat_agent.py",404,404,"                print(f""\n  ✏️ 建议回复: {reply}"")
                try:
                    confirm = input(""  发送？(y/n/自定义内容): "").strip()
                except EOFError:
                    confirm = ""n""",""
"Variable:gui_monitor/chat_agent.py:hdir","hdir","gui_monitor/chat_agent.py",442,442,"    """"""
    _ensure_dirs()
    hdir = Path(history_dir) if history_dir else HISTORY_DIR
    outpath = Path(output) if output else STYLE_FILE
",""
"Variable:gui_monitor/chat_agent.py:outpath","outpath","gui_monitor/chat_agent.py",443,443,"    _ensure_dirs()
    hdir = Path(history_dir) if history_dir else HISTORY_DIR
    outpath = Path(output) if output else STYLE_FILE

    # 收集所有文本文件",""
"Variable:gui_monitor/chat_agent.py:texts","texts","gui_monitor/chat_agent.py",446,446,"
    # 收集所有文本文件
    texts = []
    if hdir.exists():
        for f in hdir.iterdir():",""
"Variable:gui_monitor/chat_agent.py:combined","combined","gui_monitor/chat_agent.py",460,460,"        return None

    combined = ""\n---\n"".join(texts)
    print(f""   已读取 {len(texts)} 个聊天记录文件"")
    print(f""   总长度: {len(combined)} 字符"")",""
"Variable:gui_monitor/utils/dpi.py:_initialized","_initialized","gui_monitor/utils/dpi.py",11,11,"import sys

_initialized = False
_dpi_scale = None
",""
"Variable:gui_monitor/utils/dpi.py:_dpi_scale","_dpi_scale","gui_monitor/utils/dpi.py",12,12,"
_initialized = False
_dpi_scale = None

",""
"Variable:gui_monitor/utils/dpi.py:hdc","hdc","gui_monitor/utils/dpi.py",44,44,"        return _dpi_scale
    try:
        hdc = ctypes.windll.user32.GetDC(0)
        dpi = ctypes.windll.gdi32.GetDeviceCaps(hdc, 88)  # LOGPIXELSX
        ctypes.windll.user32.ReleaseDC(0, hdc)",""
"Variable:gui_monitor/utils/dpi.py:dpi","dpi","gui_monitor/utils/dpi.py",45,45,"    try:
        hdc = ctypes.windll.user32.GetDC(0)
        dpi = ctypes.windll.gdi32.GetDeviceCaps(hdc, 88)  # LOGPIXELSX
        ctypes.windll.user32.ReleaseDC(0, hdc)
        _dpi_scale = dpi / 96.0",""
"Variable:gui_monitor/utils/dpi.py:w","w","gui_monitor/utils/dpi.py",58,58,"    使用 GetSystemMetrics，DPI Aware 模式下返回真实物理像素。
    """"""
    w = ctypes.windll.user32.GetSystemMetrics(0)   # SM_CXSCREEN
    h = ctypes.windll.user32.GetSystemMetrics(1)   # SM_CYSCREEN
    return w, h",""
"Variable:gui_monitor/utils/dpi.py:h","h","gui_monitor/utils/dpi.py",59,59,"    """"""
    w = ctypes.windll.user32.GetSystemMetrics(0)   # SM_CXSCREEN
    h = ctypes.windll.user32.GetSystemMetrics(1)   # SM_CYSCREEN
    return w, h
",""
"Variable:gui_monitor/utils/dpi.py:x","x","gui_monitor/utils/dpi.py",69,69,"        (x, y, width, height) — 虚拟屏幕左上角和总尺寸
    """"""
    x = ctypes.windll.user32.GetSystemMetrics(76)   # SM_XVIRTUALSCREEN
    y = ctypes.windll.user32.GetSystemMetrics(77)   # SM_YVIRTUALSCREEN
    w = ctypes.windll.user32.GetSystemMetrics(78)   # SM_CXVIRTUALSCREEN",""
"Variable:gui_monitor/utils/dpi.py:y","y","gui_monitor/utils/dpi.py",70,70,"    """"""
    x = ctypes.windll.user32.GetSystemMetrics(76)   # SM_XVIRTUALSCREEN
    y = ctypes.windll.user32.GetSystemMetrics(77)   # SM_YVIRTUALSCREEN
    w = ctypes.windll.user32.GetSystemMetrics(78)   # SM_CXVIRTUALSCREEN
    h = ctypes.windll.user32.GetSystemMetrics(79)   # SM_CYVIRTUALSCREEN",""
"Variable:gui_monitor/utils/dpi.py:point","point","gui_monitor/utils/dpi.py",78,78,"def get_cursor_pos() -> tuple[int, int]:
    """"""获取当前鼠标位置（物理坐标）。""""""
    point = wintypes.POINT()
    ctypes.windll.user32.GetCursorPos(ctypes.byref(point))
    return point.x, point.y",""
"Variable:gui_monitor/utils/clipboard.py:CF_UNICODETEXT","CF_UNICODETEXT","gui_monitor/utils/clipboard.py",11,11,"
# Win32 剪贴板常量
CF_UNICODETEXT = 13
GMEM_MOVEABLE = 0x0002
",""
"Variable:gui_monitor/utils/clipboard.py:GMEM_MOVEABLE","GMEM_MOVEABLE","gui_monitor/utils/clipboard.py",12,12,"# Win32 剪贴板常量
CF_UNICODETEXT = 13
GMEM_MOVEABLE = 0x0002

",""
"Variable:gui_monitor/utils/clipboard.py:data","data","gui_monitor/utils/clipboard.py",37,37,"            
            # 编码为 UTF-16LE（Windows 内部编码）
            data = text.encode(""utf-16-le"") + b""\x00\x00""
            
            # 分配全局内存",""
"Variable:gui_monitor/utils/clipboard.py:h_mem","h_mem","gui_monitor/utils/clipboard.py",40,40,"            
            # 分配全局内存
            h_mem = ctypes.windll.kernel32.GlobalAlloc(GMEM_MOVEABLE, len(data))
            if not h_mem:
                return False",""
"Variable:gui_monitor/utils/clipboard.py:p_mem","p_mem","gui_monitor/utils/clipboard.py",45,45,"            
            # 锁定内存并复制数据
            p_mem = ctypes.windll.kernel32.GlobalLock(h_mem)
            if not p_mem:
                ctypes.windll.kernel32.GlobalFree(h_mem)",""
"Variable:gui_monitor/utils/clipboard.py:h_data","h_data","gui_monitor/utils/clipboard.py",73,73,"        
        try:
            h_data = ctypes.windll.user32.GetClipboardData(CF_UNICODETEXT)
            if not h_data:
                return """"",""
"Variable:gui_monitor/utils/clipboard.py:p_data","p_data","gui_monitor/utils/clipboard.py",77,77,"                return """"
            
            p_data = ctypes.windll.kernel32.GlobalLock(h_data)
            if not p_data:
                return """"",""
"Variable:gui_monitor/utils/clipboard.py:text","text","gui_monitor/utils/clipboard.py",82,82,"            
            try:
                text = ctypes.wstring_at(p_data)
                return text
            finally:",""
"Variable:gui_monitor/core/window.py:WNDENUMPROC","WNDENUMPROC","gui_monitor/core/window.py",15,15,"# ─── 类型定义 ──────────────────────────────────────────────

WNDENUMPROC = ctypes.WINFUNCTYPE(wintypes.BOOL, wintypes.HWND, wintypes.LPARAM)

# ShowWindow 常量",""
"Variable:gui_monitor/core/window.py:SW_RESTORE","SW_RESTORE","gui_monitor/core/window.py",18,18,"
# ShowWindow 常量
SW_RESTORE = 9
SW_SHOW = 5
SW_MINIMIZE = 6",""
"Variable:gui_monitor/core/window.py:SW_SHOW","SW_SHOW","gui_monitor/core/window.py",19,19,"# ShowWindow 常量
SW_RESTORE = 9
SW_SHOW = 5
SW_MINIMIZE = 6
SW_MAXIMIZE = 3",""
"Variable:gui_monitor/core/window.py:SW_MINIMIZE","SW_MINIMIZE","gui_monitor/core/window.py",20,20,"SW_RESTORE = 9
SW_SHOW = 5
SW_MINIMIZE = 6
SW_MAXIMIZE = 3
",""
"Variable:gui_monitor/core/window.py:SW_MAXIMIZE","SW_MAXIMIZE","gui_monitor/core/window.py",21,21,"SW_SHOW = 5
SW_MINIMIZE = 6
SW_MAXIMIZE = 3

# GetWindowLong 常量",""
"Variable:gui_monitor/core/window.py:GWL_STYLE","GWL_STYLE","gui_monitor/core/window.py",24,24,"
# GetWindowLong 常量
GWL_STYLE = -16
GWL_EXSTYLE = -20
WS_VISIBLE = 0x10000000",""
"Variable:gui_monitor/core/window.py:GWL_EXSTYLE","GWL_EXSTYLE","gui_monitor/core/window.py",25,25,"# GetWindowLong 常量
GWL_STYLE = -16
GWL_EXSTYLE = -20
WS_VISIBLE = 0x10000000
WS_EX_TOOLWINDOW = 0x00000080",""
"Variable:gui_monitor/core/window.py:WS_VISIBLE","WS_VISIBLE","gui_monitor/core/window.py",26,26,"GWL_STYLE = -16
GWL_EXSTYLE = -20
WS_VISIBLE = 0x10000000
WS_EX_TOOLWINDOW = 0x00000080
WS_EX_APPWINDOW = 0x00040000",""
"Variable:gui_monitor/core/window.py:WS_EX_TOOLWINDOW","WS_EX_TOOLWINDOW","gui_monitor/core/window.py",27,27,"GWL_EXSTYLE = -20
WS_VISIBLE = 0x10000000
WS_EX_TOOLWINDOW = 0x00000080
WS_EX_APPWINDOW = 0x00040000
",""
"Variable:gui_monitor/core/window.py:WS_EX_APPWINDOW","WS_EX_APPWINDOW","gui_monitor/core/window.py",28,28,"WS_VISIBLE = 0x10000000
WS_EX_TOOLWINDOW = 0x00000080
WS_EX_APPWINDOW = 0x00040000

",""
"Variable:gui_monitor/core/window.py:length","length","gui_monitor/core/window.py",35,35,"def _get_window_title(hwnd: int) -> str:
    """"""获取窗口标题。""""""
    length = ctypes.windll.user32.GetWindowTextLengthW(hwnd)
    if length == 0:
        return """"",""
"Variable:gui_monitor/core/window.py:buf","buf","gui_monitor/core/window.py",38,38,"    if length == 0:
        return """"
    buf = ctypes.create_unicode_buffer(length + 1)
    ctypes.windll.user32.GetWindowTextW(hwnd, buf, length + 1)
    return buf.value",""
"Variable:gui_monitor/core/window.py:rect","rect","gui_monitor/core/window.py",45,45,"def _get_window_rect(hwnd: int) -> tuple[int, int, int, int]:
    """"""获取窗口矩形（物理坐标）。""""""
    rect = wintypes.RECT()
    ctypes.windll.user32.GetWindowRect(hwnd, ctypes.byref(rect))
    return rect.left, rect.top, rect.right - rect.left, rect.bottom - rect.top",""
"Variable:gui_monitor/core/window.py:pid","pid","gui_monitor/core/window.py",59,59,"def _get_process_id(hwnd: int) -> int:
    """"""获取窗口对应的进程 ID。""""""
    pid = wintypes.DWORD()
    ctypes.windll.user32.GetWindowThreadProcessId(hwnd, ctypes.byref(pid))
    return pid.value",""
"Variable:gui_monitor/core/window.py:title","title","gui_monitor/core/window.py",69,69,"        return False
    
    title = _get_window_title(hwnd)
    if not title:
        return False",""
"Variable:gui_monitor/core/window.py:style","style","gui_monitor/core/window.py",74,74,"    
    # 排除一些系统窗口
    style = ctypes.windll.user32.GetWindowLongW(hwnd, GWL_STYLE)
    ex_style = ctypes.windll.user32.GetWindowLongW(hwnd, GWL_EXSTYLE)
    ",""
"Variable:gui_monitor/core/window.py:ex_style","ex_style","gui_monitor/core/window.py",75,75,"    # 排除一些系统窗口
    style = ctypes.windll.user32.GetWindowLongW(hwnd, GWL_STYLE)
    ex_style = ctypes.windll.user32.GetWindowLongW(hwnd, GWL_EXSTYLE)
    
    # 排除工具窗口（除非它有 APPWINDOW 样式）",""
"Variable:gui_monitor/core/window.py:windows","windows","gui_monitor/core/window.py",95,95,"        窗口信息列表 [{""hwnd"", ""title"", ""class"", ""pid"", ""x"", ""y"", ""width"", ""height""}, ...]
    """"""
    windows = []
    
    def callback(hwnd, _):",""
"Variable:gui_monitor/core/window.py:hwnd","hwnd","gui_monitor/core/window.py",135,135,"    """"""
    if exact:
        hwnd = ctypes.windll.user32.FindWindowW(None, title)
        return hwnd if hwnd else None
    ",""
"Variable:gui_monitor/core/window.py:title_lower","title_lower","gui_monitor/core/window.py",139,139,"    
    # 模糊匹配 + 正则匹配（只枚举一次）
    title_lower = title.lower()
    all_windows = list_windows(include_all=True)
",""
"Variable:gui_monitor/core/window.py:all_windows","all_windows","gui_monitor/core/window.py",140,140,"    # 模糊匹配 + 正则匹配（只枚举一次）
    title_lower = title.lower()
    all_windows = list_windows(include_all=True)

    for win in all_windows:",""
"Variable:gui_monitor/core/window.py:pattern","pattern","gui_monitor/core/window.py",148,148,"    # 正则匹配
    try:
        pattern = re.compile(title, re.IGNORECASE)
        for win in all_windows:
            if pattern.search(win[""title""]):",""
"Variable:gui_monitor/core/window.py:actual_title","actual_title","gui_monitor/core/window.py",180,180,"    time.sleep(0.1)
    
    actual_title = _get_window_title(hwnd)
    x, y, w, h = _get_window_rect(hwnd)
    ",""
"Variable:gui_monitor/core/window.py:width","width","gui_monitor/core/window.py",237,237,"        _, _, cur_w, cur_h = _get_window_rect(hwnd)
        if width == 0:
            width = cur_w
        if height == 0:
            height = cur_h",""
"Variable:gui_monitor/core/window.py:height","height","gui_monitor/core/window.py",239,239,"            width = cur_w
        if height == 0:
            height = cur_h
    
    ctypes.windll.user32.MoveWindow(hwnd, x, y, width, height, True)",""
"Variable:gui_monitor/core/screen.py:monitor","monitor","gui_monitor/core/screen.py",35,35,"        if region:
            x, y, w, h = region
            monitor = {""left"": x, ""top"": y, ""width"": w, ""height"": h}
        else:
            # 主屏（monitors[1] 是主显示器，monitors[0] 是虚拟全屏）",""
"Variable:gui_monitor/core/screen.py:raw","raw","gui_monitor/core/screen.py",40,40,"            monitor = sct.monitors[1]
        
        raw = sct.grab(monitor)
        pil_img = Image.frombytes(""RGB"", raw.size, raw.bgra, ""raw"", ""BGRX"")
    ",""
"Variable:gui_monitor/core/screen.py:pil_img","pil_img","gui_monitor/core/screen.py",41,41,"        
        raw = sct.grab(monitor)
        pil_img = Image.frombytes(""RGB"", raw.size, raw.bgra, ""raw"", ""BGRX"")
    
    # 编码参数",""
"Variable:gui_monitor/core/screen.py:fmt_upper","fmt_upper","gui_monitor/core/screen.py",44,44,"    
    # 编码参数
    fmt_upper = ""JPEG"" if format.lower() == ""jpeg"" else ""PNG""
    save_kwargs = {""quality"": quality} if fmt_upper == ""JPEG"" else {""optimize"": True}
",""
"Variable:gui_monitor/core/screen.py:save_kwargs","save_kwargs","gui_monitor/core/screen.py",45,45,"    # 编码参数
    fmt_upper = ""JPEG"" if format.lower() == ""jpeg"" else ""PNG""
    save_kwargs = {""quality"": quality} if fmt_upper == ""JPEG"" else {""optimize"": True}

    if save_path:",""
"Variable:gui_monitor/core/screen.py:buf","buf","gui_monitor/core/screen.py",54,54,"
    # 仅编码到内存
    buf = io.BytesIO()
    pil_img.save(buf, format=fmt_upper, **save_kwargs)
    return buf.getvalue()",""
"Variable:gui_monitor/core/screen.py:rect","rect","gui_monitor/core/screen.py",80,80,"    
    # 获取窗口位置
    rect = wintypes.RECT()
    ctypes.windll.user32.GetWindowRect(hwnd, ctypes.byref(rect))
    ",""
"Variable:gui_monitor/core/screen.py:region","region","gui_monitor/core/screen.py",83,88,"    ctypes.windll.user32.GetWindowRect(hwnd, ctypes.byref(rect))
    
    region = (
        rect.left,
        rect.top,
        rect.right - rect.left,
        rect.bottom - rect.top,
    )
    return screenshot(region=region, save_path=save_path, quality=quality, format=format)
",""
"Variable:gui_monitor/core/screen.py:monitors","monitors","gui_monitor/core/screen.py",100,100,"    w, h = get_screen_size()
    
    monitors = []
    with mss.mss() as sct:
        for i, mon in enumerate(sct.monitors):",""
"Variable:gui_monitor/core/input.py:INPUT_MOUSE","INPUT_MOUSE","gui_monitor/core/input.py",15,15,"# ─── Win32 常量 ───────────────────────────────────────────

INPUT_MOUSE = 0
INPUT_KEYBOARD = 1
",""
"Variable:gui_monitor/core/input.py:INPUT_KEYBOARD","INPUT_KEYBOARD","gui_monitor/core/input.py",16,16,"
INPUT_MOUSE = 0
INPUT_KEYBOARD = 1

# mouse_event flags",""
"Variable:gui_monitor/core/input.py:MOUSEEVENTF_MOVE","MOUSEEVENTF_MOVE","gui_monitor/core/input.py",19,19,"
# mouse_event flags
MOUSEEVENTF_MOVE = 0x0001
MOUSEEVENTF_LEFTDOWN = 0x0002
MOUSEEVENTF_LEFTUP = 0x0004",""
"Variable:gui_monitor/core/input.py:MOUSEEVENTF_LEFTDOWN","MOUSEEVENTF_LEFTDOWN","gui_monitor/core/input.py",20,20,"# mouse_event flags
MOUSEEVENTF_MOVE = 0x0001
MOUSEEVENTF_LEFTDOWN = 0x0002
MOUSEEVENTF_LEFTUP = 0x0004
MOUSEEVENTF_RIGHTDOWN = 0x0008",""
"Variable:gui_monitor/core/input.py:MOUSEEVENTF_LEFTUP","MOUSEEVENTF_LEFTUP","gui_monitor/core/input.py",21,21,"MOUSEEVENTF_MOVE = 0x0001
MOUSEEVENTF_LEFTDOWN = 0x0002
MOUSEEVENTF_LEFTUP = 0x0004
MOUSEEVENTF_RIGHTDOWN = 0x0008
MOUSEEVENTF_RIGHTUP = 0x0010",""
"Variable:gui_monitor/core/input.py:MOUSEEVENTF_RIGHTDOWN","MOUSEEVENTF_RIGHTDOWN","gui_monitor/core/input.py",22,22,"MOUSEEVENTF_LEFTDOWN = 0x0002
MOUSEEVENTF_LEFTUP = 0x0004
MOUSEEVENTF_RIGHTDOWN = 0x0008
MOUSEEVENTF_RIGHTUP = 0x0010
MOUSEEVENTF_MIDDLEDOWN = 0x0020",""
"Variable:gui_monitor/core/input.py:MOUSEEVENTF_RIGHTUP","MOUSEEVENTF_RIGHTUP","gui_monitor/core/input.py",23,23,"MOUSEEVENTF_LEFTUP = 0x0004
MOUSEEVENTF_RIGHTDOWN = 0x0008
MOUSEEVENTF_RIGHTUP = 0x0010
MOUSEEVENTF_MIDDLEDOWN = 0x0020
MOUSEEVENTF_MIDDLEUP = 0x0040",""
"Variable:gui_monitor/core/input.py:MOUSEEVENTF_MIDDLEDOWN","MOUSEEVENTF_MIDDLEDOWN","gui_monitor/core/input.py",24,24,"MOUSEEVENTF_RIGHTDOWN = 0x0008
MOUSEEVENTF_RIGHTUP = 0x0010
MOUSEEVENTF_MIDDLEDOWN = 0x0020
MOUSEEVENTF_MIDDLEUP = 0x0040
MOUSEEVENTF_WHEEL = 0x0800",""
"Variable:gui_monitor/core/input.py:MOUSEEVENTF_MIDDLEUP","MOUSEEVENTF_MIDDLEUP","gui_monitor/core/input.py",25,25,"MOUSEEVENTF_RIGHTUP = 0x0010
MOUSEEVENTF_MIDDLEDOWN = 0x0020
MOUSEEVENTF_MIDDLEUP = 0x0040
MOUSEEVENTF_WHEEL = 0x0800
MOUSEEVENTF_ABSOLUTE = 0x8000",""
"Variable:gui_monitor/core/input.py:MOUSEEVENTF_WHEEL","MOUSEEVENTF_WHEEL","gui_monitor/core/input.py",26,26,"MOUSEEVENTF_MIDDLEDOWN = 0x0020
MOUSEEVENTF_MIDDLEUP = 0x0040
MOUSEEVENTF_WHEEL = 0x0800
MOUSEEVENTF_ABSOLUTE = 0x8000
",""
"Variable:gui_monitor/core/input.py:MOUSEEVENTF_ABSOLUTE","MOUSEEVENTF_ABSOLUTE","gui_monitor/core/input.py",27,27,"MOUSEEVENTF_MIDDLEUP = 0x0040
MOUSEEVENTF_WHEEL = 0x0800
MOUSEEVENTF_ABSOLUTE = 0x8000

# keybd_event flags",""
"Variable:gui_monitor/core/input.py:KEYEVENTF_KEYUP","KEYEVENTF_KEYUP","gui_monitor/core/input.py",30,30,"
# keybd_event flags
KEYEVENTF_KEYUP = 0x0002
KEYEVENTF_UNICODE = 0x0004
",""
"Variable:gui_monitor/core/input.py:KEYEVENTF_UNICODE","KEYEVENTF_UNICODE","gui_monitor/core/input.py",31,31,"# keybd_event flags
KEYEVENTF_KEYUP = 0x0002
KEYEVENTF_UNICODE = 0x0004

# Virtual Key Codes（常用）",""
"Variable:gui_monitor/core/input.py:VK_MAP","VK_MAP","gui_monitor/core/input.py",34,62,"
# Virtual Key Codes（常用）
VK_MAP = {
    # 修饰键
    ""ctrl"": 0x11, ""control"": 0x11,
    ""alt"": 0x12, ""menu"": 0x12,
    ""shift"": 0x10,
    ""win"": 0x5B, ""lwin"": 0x5B, ""rwin"": 0x5C,
    # 功能键
    ""enter"": 0x0D, ""return"": 0x0D,
    ""tab"": 0x09,
    ""escape"": 0x1B, ""esc"": 0x1B,
    ""space"": 0x20,
    ""backspace"": 0x08, ""bs"": 0x08,
    ""delete"": 0x2E, ""del"": 0x2E,
    ""insert"": 0x2D, ""ins"": 0x2D,
    ""home"": 0x24,
    ""end"": 0x23,
    ""pageup"": 0x21, ""pgup"": 0x21,
    ""pagedown"": 0x22, ""pgdn"": 0x22,
    # 方向键
    ""up"": 0x26, ""down"": 0x28, ""left"": 0x25, ""right"": 0x27,
    # F 键
    ""f1"": 0x70, ""f2"": 0x71, ""f3"": 0x72, ""f4"": 0x73,
    ""f5"": 0x74, ""f6"": 0x75, ""f7"": 0x76, ""f8"": 0x77,
    ""f9"": 0x78, ""f10"": 0x79, ""f11"": 0x7A, ""f12"": 0x7B,
    # 其他
    ""capslock"": 0x14, ""numlock"": 0x90, ""scrolllock"": 0x91,
    ""printscreen"": 0x2C, ""prtsc"": 0x2C,
    ""apps"": 0x5D,  # 菜单键
}

",""
"Variable:gui_monitor/core/input.py:_fields_","_fields_","gui_monitor/core/input.py",68,74,"
class _KEYBDINPUT(ctypes.Structure):
    _fields_ = [
        (""wVk"", wintypes.WORD),
        (""wScan"", wintypes.WORD),
        (""dwFlags"", wintypes.DWORD),
        (""time"", wintypes.DWORD),
        (""dwExtraInfo"", ctypes.POINTER(ctypes.c_ulong)),
    ]

class _INPUT_UNION(ctypes.Union):",""
"Variable:gui_monitor/core/input.py:key_lower","key_lower","gui_monitor/core/input.py",87,87,"def _get_vk(key: str) -> int:
    """"""将按键名转换为 Virtual Key Code。""""""
    key_lower = key.lower().strip()
    
    # 查表",""
"Variable:gui_monitor/core/input.py:vk","vk","gui_monitor/core/input.py",95,95,"    # 单字符 → VkKeyScan
    if len(key) == 1:
        vk = ctypes.windll.user32.VkKeyScanW(ord(key))
        if vk != -1:
            return vk & 0xFF",""
"Variable:gui_monitor/core/input.py:steps","steps","gui_monitor/core/input.py",148,148,"    start_x, start_y = get_cursor_pos()
    
    steps = max(int(duration * 60), 5)  # 60 FPS
    for i in range(1, steps + 1):
        t = i / steps",""
"Variable:gui_monitor/core/input.py:t","t","gui_monitor/core/input.py",150,150,"    steps = max(int(duration * 60), 5)  # 60 FPS
    for i in range(1, steps + 1):
        t = i / steps
        # 缓动函数（ease-out）
        t = 1 - (1 - t) ** 2",""
"Variable:gui_monitor/core/input.py:cur_x","cur_x","gui_monitor/core/input.py",153,153,"        # 缓动函数（ease-out）
        t = 1 - (1 - t) ** 2
        cur_x = int(start_x + (x - start_x) * t)
        cur_y = int(start_y + (y - start_y) * t)
        ctypes.windll.user32.SetCursorPos(cur_x, cur_y)",""
"Variable:gui_monitor/core/input.py:cur_y","cur_y","gui_monitor/core/input.py",154,154,"        t = 1 - (1 - t) ** 2
        cur_x = int(start_x + (x - start_x) * t)
        cur_y = int(start_y + (y - start_y) * t)
        ctypes.windll.user32.SetCursorPos(cur_x, cur_y)
        time.sleep(duration / steps)",""
"Variable:gui_monitor/core/input.py:vks","vks","gui_monitor/core/input.py",242,242,"        keys: 按键名序列，前面的先按下，后面的后按下，释放顺序反转
    """"""
    vks = [_get_vk(k) for k in keys]
    
    # 按下（正序）",""
"Variable:gui_monitor/core/input.py:vk_result","vk_result","gui_monitor/core/input.py",275,275,"        for ch in text:
            try:
                vk_result = ctypes.windll.user32.VkKeyScanW(ord(ch))
                if vk_result == -1:
                    continue",""
"Variable:gui_monitor/core/input.py:shift","shift","gui_monitor/core/input.py",279,279,"                    continue
                vk = vk_result & 0xFF
                shift = bool(vk_result & 0x100)
                
                if shift:",""
"Variable:gui_monitor/core/input.py:inputs","inputs","gui_monitor/core/input.py",308,308,"    """"""
    for ch in text:
        inputs = (_INPUT * 2)()
        # Key down
        inputs[0].type = INPUT_KEYBOARD",""
"Variable:gui_monitor/core/input.py:py_list","py_list","gui_monitor/core/input.py",344,344,"
    # 将中文转为拼音（不带音调）
    py_list = pinyin(text, style=Style.NORMAL)
    full_pinyin = """".join(p[0] for p in py_list)
",""
"Variable:gui_monitor/core/input.py:full_pinyin","full_pinyin","gui_monitor/core/input.py",345,345,"    # 将中文转为拼音（不带音调）
    py_list = pinyin(text, style=Style.NORMAL)
    full_pinyin = """".join(p[0] for p in py_list)

    # 逐字母按键",""
